,,, no2, no2, no2
,,,min,max,mean
date,date,City,,,
2013,12,Geumchon-Dong,27.0,27.0,27.0
2013,12,Gwanak-Gu,28.0,28.0,28.0
2013,12,Jeongnim-Dong,25.0,25.0,25.0
2013,12,Jungang-Way,13.0,13.0,13.0
2013,12,Juwol-Dong,35.0,35.0,35.0
2013,12,Nowon-Gu,34.0,34.0,34.0
2014,1,Bangsan-Myeon,3.0,13.0,6.666666666666667
2014,1,Geumchon-Dong,18.0,60.0,33.903225806451616
2014,1,Gwanak-Gu,15.0,60.0,33.25806451612903
2014,1,Jeongnim-Dong,19.0,49.0,33.32258064516129
2014,1,Jungang-Way,6.0,34.0,21.741935483870968
2014,1,Juwol-Dong,17.0,60.0,36.61290322580645
2014,1,Nowon-Gu,12.0,62.0,39.806451612903224
2014,1,Pado-Ri,1.0,4.0,2.2222222222222223
2014,1,Seolseong-Myeon,8.0,28.0,17.11111111111111
2014,2,Bangsan-Myeon,1.0,11.0,4.071428571428571
2014,2,Geumchon-Dong,10.0,41.0,23.071428571428573
2014,2,Gwanak-Gu,17.0,73.0,40.67857142857143
2014,2,Jeongnim-Dong,14.0,51.0,30.285714285714285
2014,2,Jungang-Way,3.0,28.0,16.285714285714285
2014,2,Juwol-Dong,15.0,54.0,31.464285714285715
2014,2,Nowon-Gu,10.0,61.0,32.642857142857146
2014,2,Pado-Ri,1.0,10.0,2.9615384615384617
2014,2,Seolseong-Myeon,6.0,25.0,13.285714285714286
2014,3,Bangsan-Myeon,3.0,12.0,6.419354838709677
2014,3,Geumchon-Dong,12.0,36.0,23.096774193548388
2014,3,Gwanak-Gu,15.0,56.0,34.483870967741936
2014,3,Jeongnim-Dong,17.0,47.0,24.70967741935484
2014,3,Jungang-Way,8.0,59.0,18.4
2014,3,Juwol-Dong,18.0,53.0,30.258064516129032
2014,3,Nowon-Gu,11.0,62.0,33.03225806451613
2014,3,Pado-Ri,1.0,7.0,3.1666666666666665
2014,3,Seolseong-Myeon,6.0,23.0,11.387096774193548
2014,4,Bangsan-Myeon,1.0,8.0,4.666666666666667
2014,4,Geumchon-Dong,9.0,33.0,19.6
2014,4,Gwanak-Gu,15.0,58.0,35.86666666666667
2014,4,Jeongnim-Dong,12.0,32.0,20.566666666666666
2014,4,Jungang-Way,7.0,23.0,14.0
2014,4,Juwol-Dong,11.0,46.0,27.533333333333335
2014,4,Nowon-Gu,10.0,55.0,31.766666666666666
2014,4,Pado-Ri,1.0,6.0,2.2857142857142856
2014,4,Seolseong-Myeon,5.0,17.0,11.066666666666666
2014,5,Bangsan-Myeon,2.0,10.0,5.258064516129032
2014,5,Geumchon-Dong,8.0,26.0,17.033333333333335
2014,5,Gwanak-Gu,12.0,42.0,24.838709677419356
2014,5,Jeongnim-Dong,9.0,27.0,15.193548387096774
2014,5,Jungang-Way,3.0,21.0,12.225806451612904
2014,5,Juwol-Dong,5.0,28.0,19.64516129032258
2014,5,Nowon-Gu,11.0,44.0,27.548387096774192
2014,5,Pado-Ri,1.0,10.0,2.2903225806451615
2014,5,Seolseong-Myeon,4.0,16.0,8.709677419354838
2014,6,Bangsan-Myeon,4.0,8.0,5.666666666666667
2014,6,Geumchon-Dong,6.0,22.0,11.633333333333333
2014,6,Gwanak-Gu,12.0,49.0,21.9
2014,6,Jeongnim-Dong,10.0,21.0,14.066666666666666
2014,6,Jungang-Way,7.0,19.0,10.466666666666667
2014,6,Juwol-Dong,12.0,27.0,18.266666666666666
2014,6,Nowon-Gu,8.0,36.0,19.7
2014,6,Pado-Ri,2.0,11.0,5.166666666666667
2014,6,Seolseong-Myeon,3.0,12.0,6.423076923076923
2014,7,Bangsan-Myeon,3.0,8.0,5.612903225806452
2014,7,Geumchon-Dong,7.0,22.0,14.225806451612904
2014,7,Gwanak-Gu,9.0,35.0,19.29032258064516
2014,7,Jeongnim-Dong,8.0,21.0,13.32258064516129
2014,7,Jungang-Way,8.0,15.0,11.483870967741936
2014,7,Juwol-Dong,6.0,26.0,14.96774193548387
2014,7,Nowon-Gu,9.0,28.0,18.0
2014,7,Pado-Ri,1.0,9.0,3.4193548387096775
2014,7,Seolseong-Myeon,2.0,9.0,5.722222222222222
2014,8,Bangsan-Myeon,2.0,5.0,3.7096774193548385
2014,8,Geumchon-Dong,4.0,18.0,10.935483870967742
2014,8,Gwanak-Gu,12.0,39.0,24.612903225806452
2014,8,Jeongnim-Dong,8.0,25.0,15.516129032258064
2014,8,Jungang-Way,4.0,12.0,7.516129032258065
2014,8,Juwol-Dong,6.0,23.0,16.193548387096776
2014,8,Nowon-Gu,4.0,28.0,15.35483870967742
2014,8,Pado-Ri,1.0,8.0,4.9
2014,8,Seolseong-Myeon,3.0,11.0,6.612903225806452
2014,9,Bangsan-Myeon,2.0,6.0,3.0
2014,9,Geumchon-Dong,7.0,26.0,15.033333333333333
2014,9,Gwanak-Gu,14.0,46.0,31.7
2014,9,Jeongnim-Dong,11.0,28.0,16.7
2014,9,Jungang-Way,6.0,17.0,11.1
2014,9,Juwol-Dong,9.0,30.0,20.5
2014,9,Nowon-Gu,13.0,35.0,22.2
2014,9,Pado-Ri,1.0,10.0,4.172413793103448
2014,9,Seolseong-Myeon,5.0,17.0,8.4
2014,10,Bangsan-Myeon,2.0,9.0,4.709677419354839
2014,10,Geumchon-Dong,6.0,53.0,21.06451612903226
2014,10,Gwanak-Gu,16.0,85.0,39.096774193548384
2014,10,Jeongnim-Dong,10.0,41.0,21.35483870967742
2014,10,Jungang-Way,8.0,37.0,18.419354838709676
2014,10,Juwol-Dong,15.0,58.0,28.741935483870968
2014,10,Nowon-Gu,9.0,67.0,28.967741935483872
2014,10,Pado-Ri,1.0,17.0,6.032258064516129
2014,10,Seolseong-Myeon,5.0,21.0,10.03225806451613
2014,11,Bangsan-Myeon,2.0,16.0,7.733333333333333
2014,11,Geumchon-Dong,7.0,40.0,24.733333333333334
2014,11,Gwanak-Gu,14.0,61.0,39.53333333333333
2014,11,Jeongnim-Dong,5.0,41.0,26.233333333333334
2014,11,Jungang-Way,7.0,39.0,23.7
2014,11,Juwol-Dong,13.0,58.0,33.46666666666667
2014,11,Nowon-Gu,8.0,54.0,32.666666666666664
2014,11,Pado-Ri,1.0,32.0,6.3
2014,11,Seolseong-Myeon,5.0,22.0,13.933333333333334
2014,12,Bangsan-Myeon,2.0,13.0,6.407407407407407
2014,12,Geumchon-Dong,12.0,48.0,27.40740740740741
2014,12,Gwanak-Gu,13.0,60.0,32.964285714285715
2014,12,Jeongnim-Dong,15.0,44.0,28.88888888888889
2014,12,Jungang-Way,8.0,38.0,20.85185185185185
2014,12,Juwol-Dong,13.0,55.0,28.296296296296298
2014,12,Nowon-Gu,9.0,56.0,27.964285714285715
2014,12,Pado-Ri,1.0,34.0,6.555555555555555
2014,12,Seolseong-Myeon,6.0,31.0,17.444444444444443
2015,1,Bangsan-Myeon,3.0,49.0,9.89655172413793
2015,1,Geumchon-Dong,15.0,55.0,30.75862068965517
2015,1,Gwanak-Gu,21.0,61.0,40.096774193548384
2015,1,Jeongnim-Dong,17.0,56.0,33.89655172413793
2015,1,Jungang-Way,10.0,52.0,25.17241379310345
2015,1,Juwol-Dong,17.0,57.0,37.44827586206897
2015,1,Nowon-Gu,15.0,59.0,36.58064516129032
2015,1,Pado-Ri,1.0,42.0,12.689655172413794
2015,1,Seolseong-Myeon,6.0,45.0,17.275862068965516
2015,2,Bangsan-Myeon,2.0,14.0,6.035714285714286
2015,2,Geumchon-Dong,11.0,40.0,25.571428571428573
2015,2,Gwanak-Gu,14.0,66.0,39.035714285714285
2015,2,Jeongnim-Dong,12.0,39.0,24.785714285714285
2015,2,Jungang-Way,12.0,39.0,26.5
2015,2,Juwol-Dong,13.0,54.0,28.928571428571427
2015,2,Nowon-Gu,9.0,61.0,30.892857142857142
2015,2,Pado-Ri,1.0,13.0,4.857142857142857
2015,2,Seolseong-Myeon,3.0,21.0,9.178571428571429
2015,3,Bangsan-Myeon,2.0,11.0,5.774193548387097
2015,3,Geumchon-Dong,10.0,55.0,27.451612903225808
2015,3,Gwanak-Gu,14.0,67.0,39.354838709677416
2015,3,Jeongnim-Dong,12.0,48.0,25.64516129032258
2015,3,Jungang-Way,8.0,41.0,21.032258064516128
2015,3,Juwol-Dong,13.0,63.0,31.838709677419356
2015,3,Nowon-Gu,9.0,82.0,36.12903225806452
2015,3,Pado-Ri,1.0,29.0,6.733333333333333
2015,3,Seolseong-Myeon,4.0,27.0,11.064516129032258
2015,4,Bangsan-Myeon,2.0,9.0,4.566666666666666
2015,4,Geumchon-Dong,11.0,36.0,22.233333333333334
2015,4,Gwanak-Gu,15.0,54.0,30.75862068965517
2015,4,Jeongnim-Dong,14.0,34.0,20.266666666666666
2015,4,Jungang-Way,11.0,27.0,16.7
2015,4,Juwol-Dong,13.0,48.0,26.166666666666668
2015,4,Nowon-Gu,10.0,46.0,29.1
2015,4,Pado-Ri,2.0,13.0,6.3
2015,4,Seolseong-Myeon,2.0,14.0,7.0
2015,5,Bangsan-Myeon,2.0,8.0,4.967741935483871
2015,5,Geumchon-Dong,10.0,26.0,19.032258064516128
2015,5,Gwanak-Gu,12.0,58.0,30.0
2015,5,Jeongnim-Dong,9.0,27.0,16.129032258064516
2015,5,Jungang-Way,8.0,19.0,13.129032258064516
2015,5,Juwol-Dong,8.0,40.0,23.419354838709676
2015,5,Nowon-Gu,12.0,43.0,27.580645161290324
2015,5,Pado-Ri,2.0,11.0,5.903225806451613
2015,5,Seolseong-Myeon,2.0,14.0,7.612903225806452
2015,6,Bangsan-Myeon,2.0,9.0,4.033333333333333
2015,6,Geumchon-Dong,8.0,32.0,15.9
2015,6,Gwanak-Gu,17.0,43.0,29.266666666666666
2015,6,Jeongnim-Dong,10.0,22.0,13.9
2015,6,Jungang-Way,5.0,15.0,9.266666666666667
2015,6,Juwol-Dong,9.0,28.0,17.266666666666666
2015,6,Nowon-Gu,8.0,33.0,18.9
2015,6,Pado-Ri,2.0,12.0,5.766666666666667
2015,6,Seolseong-Myeon,2.0,11.0,6.0
2015,7,Bangsan-Myeon,2.0,5.0,3.5161290322580645
2015,7,Geumchon-Dong,8.0,24.0,14.387096774193548
2015,7,Gwanak-Gu,11.0,44.0,23.258064516129032
2015,7,Jeongnim-Dong,8.0,17.0,12.32258064516129
2015,7,Jungang-Way,4.0,13.0,8.387096774193548
2015,7,Juwol-Dong,6.0,25.0,15.096774193548388
2015,7,Nowon-Gu,6.0,34.0,17.612903225806452
2015,7,Pado-Ri,1.0,13.0,4.967741935483871
2015,7,Seolseong-Myeon,3.0,11.0,6.483870967741935
2015,8,Bangsan-Myeon,2.0,9.0,4.096774193548387
2015,8,Geumchon-Dong,9.0,24.0,14.516129032258064
2015,8,Gwanak-Gu,12.0,42.0,24.677419354838708
2015,8,Jeongnim-Dong,9.0,24.0,14.0
2015,8,Jungang-Way,5.0,15.0,9.35483870967742
2015,8,Juwol-Dong,6.0,26.0,16.387096774193548
2015,8,Nowon-Gu,3.0,33.0,18.2
2015,8,Pado-Ri,1.0,9.0,4.774193548387097
2015,8,Seolseong-Myeon,5.0,15.0,7.967741935483871
2015,9,Bangsan-Myeon,3.0,6.0,4.133333333333334
2015,9,Geumchon-Dong,6.0,30.0,16.666666666666668
2015,9,Gwanak-Gu,12.0,48.0,28.066666666666666
2015,9,Jeongnim-Dong,7.0,21.0,14.130434782608695
2015,9,Jungang-Way,5.0,13.0,8.966666666666667
2015,9,Juwol-Dong,7.0,29.0,21.31578947368421
2015,9,Nowon-Gu,9.0,45.0,22.0
2015,9,Pado-Ri,1.0,13.0,3.9285714285714284
2015,9,Seolseong-Myeon,4.0,15.0,7.8
2015,10,Bangsan-Myeon,3.0,11.0,5.67741935483871
2015,10,Geumchon-Dong,12.0,34.0,22.096774193548388
2015,10,Gwanak-Gu,15.0,74.0,36.70967741935484
2015,10,Jeongnim-Dong,7.0,33.0,19.516129032258064
2015,10,Jungang-Way,7.0,30.0,17.225806451612904
2015,10,Juwol-Dong,18.0,46.0,33.94117647058823
2015,10,Nowon-Gu,11.0,53.0,30.06451612903226
2015,10,Pado-Ri,1.0,7.0,2.9
2015,10,Seolseong-Myeon,6.0,19.0,10.35483870967742
2015,11,Bangsan-Myeon,2.0,9.0,5.5
2015,11,Geumchon-Dong,9.0,46.0,22.344827586206897
2015,11,Gwanak-Gu,17.0,72.0,37.266666666666666
2015,11,Jeongnim-Dong,11.0,29.0,18.966666666666665
2015,11,Jungang-Way,8.0,36.0,17.466666666666665
2015,11,Juwol-Dong,22.0,58.0,33.5
2015,11,Nowon-Gu,10.0,63.0,26.9
2015,11,Pado-Ri,1.0,26.0,7.037037037037037
2015,11,Seolseong-Myeon,3.0,23.0,13.766666666666667
2015,12,Bangsan-Myeon,3.0,18.0,8.0
2015,12,Geumchon-Dong,14.0,47.0,29.85185185185185
2015,12,Gwanak-Gu,14.0,74.0,38.37931034482759
2015,12,Jeongnim-Dong,10.0,37.0,24.77777777777778
2015,12,Jungang-Way,8.0,39.0,21.77777777777778
2015,12,Juwol-Dong,15.0,51.0,36.148148148148145
2015,12,Nowon-Gu,11.0,60.0,34.827586206896555
2015,12,Pado-Ri,2.0,32.0,10.333333333333334
2015,12,Seolseong-Myeon,4.0,54.0,21.40740740740741
2016,1,Bangsan-Myeon,3.0,22.0,7.931034482758621
2016,1,Geumchon-Dong,14.0,46.0,28.379310344827587
2016,1,Gwanak-Gu,17.0,63.0,38.206896551724135
2016,1,Jeongnim-Dong,10.0,38.0,22.464285714285715
2016,1,Jungang-Way,7.0,31.0,20.24137931034483
2016,1,Juwol-Dong,13.0,64.0,30.517241379310345
2016,1,Nowon-Gu,10.0,49.0,29.0
2016,1,Pado-Ri,2.0,27.0,6.607142857142857
2016,1,Seolseong-Myeon,10.0,33.0,18.862068965517242
2016,2,Bangsan-Myeon,2.0,16.0,6.724137931034483
2016,2,Geumchon-Dong,12.0,53.0,29.24137931034483
2016,2,Gwanak-Gu,15.0,56.0,34.275862068965516
2016,2,Jeongnim-Dong,8.0,38.0,19.448275862068964
2016,2,Jungang-Way,6.0,33.0,18.20689655172414
2016,2,Juwol-Dong,8.0,53.0,25.93103448275862
2016,2,Nowon-Gu,10.0,55.0,30.137931034482758
2016,2,Pado-Ri,1.0,15.0,5.103448275862069
2016,2,Seolseong-Myeon,5.0,21.0,12.344827586206897
2016,3,Bangsan-Myeon,1.0,14.0,6.032258064516129
2016,3,Geumchon-Dong,15.0,47.0,30.225806451612904
2016,3,Gwanak-Gu,13.0,64.0,34.1
2016,3,Jeongnim-Dong,11.0,33.0,18.903225806451612
2016,3,Jungang-Way,7.0,30.0,18.032258064516128
2016,3,Juwol-Dong,10.0,42.0,26.70967741935484
2016,3,Nowon-Gu,10.0,62.0,34.354838709677416
2016,3,Pado-Ri,1.0,22.0,7.366666666666666
2016,3,Seolseong-Myeon,5.0,22.0,12.67741935483871
2016,4,Bangsan-Myeon,4.0,11.0,6.966666666666667
2016,4,Geumchon-Dong,10.0,43.0,24.433333333333334
2016,4,Gwanak-Gu,12.0,55.0,34.2
2016,4,Jeongnim-Dong,8.0,31.0,18.733333333333334
2016,4,Jungang-Way,3.0,22.0,10.9
2016,4,Juwol-Dong,9.0,39.0,22.4
2016,4,Nowon-Gu,11.0,50.0,28.6
2016,4,Pado-Ri,2.0,22.0,8.433333333333334
2016,4,Seolseong-Myeon,5.0,19.0,10.931034482758621
2016,5,Bangsan-Myeon,5.0,11.0,7.0
2016,5,Geumchon-Dong,9.0,27.0,18.451612903225808
2016,5,Gwanak-Gu,11.0,51.0,30.032258064516128
2016,5,Jeongnim-Dong,8.0,24.0,13.838709677419354
2016,5,Jungang-Way,5.0,13.0,9.290322580645162
2016,5,Juwol-Dong,6.0,31.0,19.258064516129032
2016,5,Nowon-Gu,9.0,35.0,23.451612903225808
2016,5,Pado-Ri,2.0,15.0,7.387096774193548
2016,5,Seolseong-Myeon,4.0,14.0,8.935483870967742
2016,6,Bangsan-Myeon,4.0,22.0,7.466666666666667
2016,6,Geumchon-Dong,7.0,29.0,16.733333333333334
2016,6,Gwanak-Gu,13.0,43.0,24.8
2016,6,Jeongnim-Dong,7.0,20.0,10.966666666666667
2016,6,Jungang-Way,6.0,16.0,10.233333333333333
2016,6,Juwol-Dong,6.0,19.0,12.933333333333334
2016,6,Nowon-Gu,12.0,33.0,21.2
2016,6,Pado-Ri,1.0,11.0,4.793103448275862
2016,6,Seolseong-Myeon,5.0,24.0,8.566666666666666
2016,7,Bangsan-Myeon,1.0,15.0,5.387096774193548
2016,7,Geumchon-Dong,7.0,23.0,14.870967741935484
2016,7,Gwanak-Gu,11.0,40.0,23.225806451612904
2016,7,Jeongnim-Dong,4.0,17.0,9.451612903225806
2016,7,Jungang-Way,5.0,13.0,8.129032258064516
2016,7,Juwol-Dong,4.0,19.0,11.290322580645162
2016,7,Nowon-Gu,7.0,32.0,17.806451612903224
2016,7,Pado-Ri,1.0,11.0,4.354838709677419
2016,7,Seolseong-Myeon,1.0,11.0,5.193548387096774
2016,8,Bangsan-Myeon,1.0,4.0,1.6451612903225807
2016,8,Geumchon-Dong,6.0,29.0,14.692307692307692
2016,8,Gwanak-Gu,12.0,48.0,26.35483870967742
2016,8,Jeongnim-Dong,7.0,17.0,11.451612903225806
2016,8,Jungang-Way,5.0,16.0,8.0
2016,8,Juwol-Dong,10.0,27.0,16.322580645161292
2016,8,Nowon-Gu,6.0,29.0,16.258064516129032
2016,8,Pado-Ri,4.0,13.0,8.161290322580646
2016,8,Seolseong-Myeon,3.0,10.0,6.032258064516129
2016,9,Bangsan-Myeon,1.0,6.0,1.8
2016,9,Geumchon-Dong,9.0,29.0,17.8
2016,9,Gwanak-Gu,11.0,49.0,30.766666666666666
2016,9,Jeongnim-Dong,8.0,20.0,13.533333333333333
2016,9,Jungang-Way,4.0,15.0,9.1
2016,9,Juwol-Dong,8.0,30.0,18.533333333333335
2016,9,Nowon-Gu,7.0,34.0,22.2
2016,9,Pado-Ri,4.0,13.0,7.233333333333333
2016,9,Seolseong-Myeon,2.0,15.0,8.333333333333334
2016,10,Bangsan-Myeon,1.0,5.0,2.225806451612903
2016,10,Geumchon-Dong,8.0,30.0,19.322580645161292
2016,10,Gwanak-Gu,12.0,59.0,33.354838709677416
2016,10,Jeongnim-Dong,7.0,29.0,16.70967741935484
2016,10,Jungang-Way,7.0,29.0,17.096774193548388
2016,10,Juwol-Dong,8.0,38.0,23.387096774193548
2016,10,Nowon-Gu,8.0,27.0,18.523809523809526
2016,10,Pado-Ri,2.0,24.0,8.838709677419354
2016,10,Seolseong-Myeon,5.0,21.0,11.548387096774194
2016,11,Bangsan-Myeon,2.0,9.0,4.433333333333334
2016,11,Geumchon-Dong,13.0,38.0,27.133333333333333
2016,11,Gwanak-Gu,19.0,72.0,38.93333333333333
2016,11,Jeongnim-Dong,11.0,39.0,23.933333333333334
2016,11,Jungang-Way,13.0,37.0,26.642857142857142
2016,11,Juwol-Dong,13.0,49.0,29.233333333333334
2016,11,Nowon-Gu,11.0,49.0,30.0
2016,11,Pado-Ri,1.0,28.0,8.344827586206897
2016,11,Seolseong-Myeon,7.0,27.0,17.5
2016,12,Bangsan-Myeon,2.0,10.0,4.67741935483871
2016,12,Geumchon-Dong,16.0,46.0,29.193548387096776
2016,12,Gwanak-Gu,20.0,71.0,44.064516129032256
2016,12,Jeongnim-Dong,13.0,39.0,24.774193548387096
2016,12,Jungang-Way,7.0,33.0,21.516129032258064
2016,12,Juwol-Dong,11.0,65.0,32.45161290322581
2016,12,Nowon-Gu,13.0,58.0,32.645161290322584
2016,12,Pado-Ri,2.0,32.0,9.193548387096774
2016,12,Seolseong-Myeon,8.0,28.0,18.322580645161292
2017,1,Bangsan-Myeon,2.0,10.0,4.451612903225806
2017,1,Geumchon-Dong,13.0,44.0,26.838709677419356
2017,1,Gwanak-Gu,17.0,80.0,41.29032258064516
2017,1,Jeongnim-Dong,11.0,36.0,23.129032258064516
2017,1,Jungang-Way,6.0,38.0,20.741935483870968
2017,1,Juwol-Dong,11.0,48.0,28.612903225806452
2017,1,Nowon-Gu,11.0,62.0,34.32258064516129
2017,1,Pado-Ri,3.0,28.0,8.225806451612904
2017,1,Seolseong-Myeon,7.0,26.0,15.64516129032258
2017,2,Bangsan-Myeon,3.0,15.0,5.785714285714286
2017,2,Geumchon-Dong,13.0,51.0,27.571428571428573
2017,2,Gwanak-Gu,19.0,78.0,42.25
2017,2,Jeongnim-Dong,11.0,44.0,21.857142857142858
2017,2,Jungang-Way,4.0,38.0,19.071428571428573
2017,2,Juwol-Dong,14.0,49.0,26.928571428571427
2017,2,Nowon-Gu,11.0,72.0,34.785714285714285
2017,2,Pado-Ri,3.0,32.0,7.857142857142857
2017,2,Seolseong-Myeon,6.0,25.0,12.75
2017,3,Bangsan-Myeon,2.0,9.0,6.096774193548387
2017,3,Geumchon-Dong,13.0,41.0,27.032258064516128
2017,3,Gwanak-Gu,19.0,82.0,42.74193548387097
2017,3,Jeongnim-Dong,10.0,28.0,18.451612903225808
2017,3,Jungang-Way,4.0,24.0,12.612903225806452
2017,3,Juwol-Dong,15.0,47.0,28.806451612903224
2017,3,Nowon-Gu,12.0,61.0,35.516129032258064
2017,3,Pado-Ri,4.0,19.0,8.933333333333334
2017,3,Seolseong-Myeon,7.0,23.0,12.580645161290322
2017,4,Bangsan-Myeon,2.0,8.0,4.2
2017,4,Geumchon-Dong,11.0,37.0,19.8
2017,4,Gwanak-Gu,16.0,52.0,30.033333333333335
2017,4,Jeongnim-Dong,9.0,30.0,14.8
2017,4,Jungang-Way,6.0,20.0,12.933333333333334
2017,4,Juwol-Dong,14.0,42.0,21.8
2017,4,Nowon-Gu,11.0,52.0,29.5
2017,4,Pado-Ri,4.0,28.0,9.2
2017,4,Seolseong-Myeon,6.0,16.0,9.333333333333334
2017,5,Bangsan-Myeon,1.0,7.0,3.4838709677419355
2017,5,Geumchon-Dong,9.0,25.0,16.967741935483872
2017,5,Gwanak-Gu,13.0,45.0,24.806451612903224
2017,5,Jeongnim-Dong,7.0,17.0,11.709677419354838
2017,5,Jungang-Way,6.0,22.0,11.451612903225806
2017,5,Juwol-Dong,11.0,32.0,19.741935483870968
2017,5,Nowon-Gu,10.0,43.0,27.129032258064516
2017,5,Pado-Ri,3.0,15.0,7.096774193548387
2017,5,Seolseong-Myeon,6.0,16.0,10.709677419354838
2017,6,Bangsan-Myeon,1.0,3.0,2.066666666666667
2017,6,Geumchon-Dong,8.0,25.0,13.4
2017,6,Gwanak-Gu,12.0,42.0,21.666666666666668
2017,6,Jeongnim-Dong,8.0,21.0,12.366666666666667
2017,6,Jungang-Way,5.0,13.0,8.5
2017,6,Juwol-Dong,9.0,27.0,17.1
2017,6,Nowon-Gu,10.0,41.0,21.233333333333334
2017,6,Pado-Ri,3.0,16.0,8.1
2017,6,Seolseong-Myeon,7.0,15.0,10.233333333333333
2017,7,Bangsan-Myeon,1.0,3.0,1.5
2017,7,Geumchon-Dong,9.0,19.0,13.090909090909092
2017,7,Gwanak-Gu,11.0,30.0,19.083333333333332
2017,7,Jeongnim-Dong,6.0,10.0,8.25
2017,7,Jungang-Way,5.0,9.0,7.090909090909091
2017,7,Juwol-Dong,6.0,13.0,9.625
2017,7,Nowon-Gu,16.0,26.0,21.625
2017,7,Pado-Ri,1.0,9.0,4.125
2017,7,Seolseong-Myeon,5.0,9.0,6.375
2017,8,Geumchon-Dong,10.0,10.0,10.0
2017,8,Gwanak-Gu,11.0,35.0,21.75
2017,8,Jungang-Way,4.0,9.0,6.0
2017,8,Pado-Ri,3.0,10.0,6.5
2017,8,Seolseong-Myeon,7.0,9.0,8.0
2017,9,Bangsan-Myeon,1.0,4.0,2.5
2017,9,Geumchon-Dong,12.0,23.0,18.875
2017,9,Gwanak-Gu,12.0,33.0,21.25
2017,9,Jeongnim-Dong,7.0,20.0,13.5
2017,9,Jungang-Way,7.0,15.0,11.375
2017,9,Juwol-Dong,13.0,25.0,19.375
2017,9,Nowon-Gu,11.0,38.0,28.625
2017,9,Pado-Ri,4.0,6.0,5.0
2017,9,Paju,2.0,12.0,5.0
2017,9,Seolseong-Myeon,8.0,11.0,9.5
2017,10,Bangsan-Myeon,1.0,8.0,1.967741935483871
2017,10,Geumchon-Dong,7.0,29.0,17.29032258064516
2017,10,Gwanak-Gu,8.0,49.0,24.903225806451612
2017,10,Jeongnim-Dong,6.0,33.0,16.06451612903226
2017,10,Jungang-Way,4.0,25.0,11.67741935483871
2017,10,Juwol-Dong,8.0,42.0,20.225806451612904
2017,10,Nowon-Gu,7.0,45.0,24.612903225806452
2017,10,Pado-Ri,,,
2017,10,Paju,2.0,13.0,3.838709677419355
2017,10,Seolseong-Myeon,6.0,21.0,12.225806451612904
2017,11,Bangsan-Myeon,1.0,10.0,4.4
2017,11,Geumchon-Dong,12.0,53.0,26.266666666666666
2017,11,Gwanak-Gu,12.0,61.0,32.7
2017,11,Jeongnim-Dong,14.0,33.0,21.133333333333333
2017,11,Jungang-Way,9.0,34.0,20.566666666666666
2017,11,Juwol-Dong,12.0,51.0,30.233333333333334
2017,11,Nowon-Gu,11.0,64.0,31.333333333333332
2017,11,Paju,2.0,23.0,7.1
2017,11,Seolseong-Myeon,5.0,23.0,14.266666666666667
2017,12,Bangsan-Myeon,3.0,11.0,5.516129032258065
2017,12,Geumchon-Dong,12.0,57.0,29.774193548387096
2017,12,Gwanak-Gu,15.0,51.0,32.17391304347826
2017,12,Jeongnim-Dong,11.0,42.0,22.193548387096776
2017,12,Jungang-Way,3.0,42.0,22.612903225806452
2017,12,Juwol-Dong,11.0,51.0,29.258064516129032
2017,12,Nowon-Gu,9.0,65.0,33.193548387096776
2017,12,Pado-Ri,2.0,13.0,5.625
2017,12,Paju,1.0,27.0,10.96774193548387
2017,12,Seolseong-Myeon,6.0,34.0,16.0
2018,1,Bangsan-Myeon,3.0,13.0,5.806451612903226
2018,1,Geumchon-Dong,13.0,40.0,26.838709677419356
2018,1,Gwanak-Gu,16.0,77.0,35.516129032258064
2018,1,Jeongnim-Dong,13.0,38.0,24.322580645161292
2018,1,Jungang-Way,7.0,41.0,23.64516129032258
2018,1,Juwol-Dong,13.0,58.0,28.93548387096774
2018,1,Nowon-Gu,10.0,67.0,31.096774193548388
2018,1,Pado-Ri,1.0,46.0,7.225806451612903
2018,1,Paju,1.0,21.0,7.064516129032258
2018,1,Seolseong-Myeon,7.0,31.0,18.64516129032258
2018,2,Bangsan-Myeon,2.0,12.0,4.571428571428571
2018,2,Geumchon-Dong,11.0,63.0,24.785714285714285
2018,2,Gwanak-Gu,16.0,77.0,34.17857142857143
2018,2,Jeongnim-Dong,10.0,41.0,21.964285714285715
2018,2,Jungang-Way,3.0,40.0,16.357142857142858
2018,2,Juwol-Dong,11.0,65.0,27.535714285714285
2018,2,Nowon-Gu,10.0,79.0,28.321428571428573
2018,2,Pado-Ri,1.0,22.0,5.666666666666667
2018,2,Paju,1.0,24.0,5.607142857142857
2018,2,Sangjusi,4.0,21.0,15.4
2018,2,Seolseong-Myeon,5.0,37.0,13.821428571428571
2018,2,Seonggeoeup,13.0,45.0,26.6
2018,3,Bangsan-Myeon,1.0,11.0,4.666666666666667
2018,3,Geumchon-Dong,9.0,40.0,22.35483870967742
2018,3,Gwanak-Gu,13.0,71.0,33.903225806451616
2018,3,Jeongnim-Dong,7.0,26.0,17.258064516129032
2018,3,Jungang-Way,8.0,29.0,16.967741935483872
2018,3,Juwol-Dong,11.0,39.0,22.967741935483872
2018,3,Nowon-Gu,8.0,53.0,30.0
2018,3,Pado-Ri,1.0,13.0,4.225806451612903
2018,3,Paju,2.0,14.0,7.7
2018,3,Sangjusi,5.0,20.0,10.935483870967742
2018,3,Seolseong-Myeon,3.0,17.0,9.225806451612904
2018,3,Seonggeoeup,10.0,28.0,18.903225806451612
2018,4,Bangsan-Myeon,1.0,8.0,4.566666666666666
2018,4,Geumchon-Dong,8.0,30.0,17.8
2018,4,Gwanak-Gu,14.0,60.0,32.3
2018,4,Jeongnim-Dong,6.0,20.0,12.666666666666666
2018,4,Jungang-Way,4.0,20.0,11.933333333333334
2018,4,Juwol-Dong,7.0,32.0,19.0
2018,4,Nowon-Gu,10.0,54.0,26.4
2018,4,Pado-Ri,1.0,9.0,3.9
2018,4,Paju,2.0,11.0,5.333333333333333
2018,4,Sangjusi,4.0,16.0,9.066666666666666
2018,4,Seolseong-Myeon,4.0,16.0,8.966666666666667
2018,4,Seonggeoeup,8.0,31.0,18.0
2018,5,Bangsan-Myeon,3.0,7.0,4.233333333333333
2018,5,Geumchon-Dong,8.0,28.0,14.67741935483871
2018,5,Gwanak-Gu,15.0,45.0,24.612903225806452
2018,5,Jeongnim-Dong,5.0,18.0,10.32258064516129
2018,5,Jungang-Way,5.0,17.0,10.806451612903226
2018,5,Juwol-Dong,5.0,28.0,14.612903225806452
2018,5,Nowon-Gu,9.0,38.0,21.0
2018,5,Pado-Ri,1.0,10.0,4.161290322580645
2018,5,Paju,1.0,8.0,3.806451612903226
2018,5,Sangjusi,4.0,15.0,7.806451612903226
2018,5,Seolseong-Myeon,2.0,17.0,5.516129032258065
2018,5,Seonggeoeup,6.0,20.0,14.709677419354838
2018,6,Bangsan-Myeon,3.0,6.0,4.137931034482759
2018,6,Geumchon-Dong,6.0,20.0,12.633333333333333
2018,6,Gwanak-Gu,12.0,35.0,25.0
2018,6,Jeongnim-Dong,5.0,17.0,10.1
2018,6,Jungang-Way,3.0,14.0,8.966666666666667
2018,6,Juwol-Dong,5.0,23.0,13.2
2018,6,Nowon-Gu,6.0,31.0,18.0
2018,6,Pado-Ri,1.0,11.0,4.866666666666666
2018,6,Paju,1.0,5.0,2.533333333333333
2018,6,Sangjusi,3.0,15.0,6.966666666666667
2018,6,Seolseong-Myeon,2.0,11.0,6.266666666666667
2018,6,Seonggeoeup,2.0,23.0,12.033333333333333
2018,7,Bangsan-Myeon,2.0,4.0,2.5517241379310347
2018,7,Geumchon-Dong,6.0,18.0,9.483870967741936
2018,7,Gwanak-Gu,11.0,35.0,20.096774193548388
2018,7,Jeongnim-Dong,4.0,14.0,8.903225806451612
2018,7,Jungang-Way,1.0,15.0,7.709677419354839
2018,7,Juwol-Dong,4.0,16.0,8.290322580645162
2018,7,Nowon-Gu,5.0,21.0,13.580645161290322
2018,7,Pado-Ri,1.0,13.0,5.483870967741935
2018,7,Paju,1.0,10.0,2.129032258064516
2018,7,Sangjusi,2.0,8.0,5.193548387096774
2018,7,Seolseong-Myeon,1.0,10.0,4.741935483870968
2018,7,Seonggeoeup,4.0,17.0,10.612903225806452
2018,8,Bangsan-Myeon,2.0,4.0,2.5483870967741935
2018,8,Geumchon-Dong,5.0,16.0,10.033333333333333
2018,8,Gwanak-Gu,11.0,26.0,18.419354838709676
2018,8,Jeongnim-Dong,4.0,12.0,7.67741935483871
2018,8,Jungang-Way,4.0,13.0,7.4
2018,8,Juwol-Dong,2.0,18.0,8.64516129032258
2018,8,Nowon-Gu,5.0,16.0,10.903225806451612
2018,8,Pado-Ri,2.0,10.0,5.645161290322581
2018,8,Paju,1.0,7.0,2.5806451612903225
2018,8,Sangjusi,3.0,12.0,7.066666666666666
2018,8,Seolseong-Myeon,1.0,10.0,4.32258064516129
2018,8,Seonggeoeup,6.0,17.0,11.03225806451613
2018,9,Bangsan-Myeon,2.0,4.0,2.3
2018,9,Geumchon-Dong,6.0,19.0,11.724137931034482
2018,9,Gwanak-Gu,8.0,42.0,19.482758620689655
2018,9,Jeongnim-Dong,2.0,13.0,6.4
2018,9,Jungang-Way,5.0,12.0,8.233333333333333
2018,9,Juwol-Dong,7.0,23.0,13.533333333333333
2018,9,Nowon-Gu,7.0,27.0,14.03448275862069
2018,9,Pado-Ri,2.0,7.0,4.033333333333333
2018,9,Paju,1.0,6.0,2.033333333333333
2018,9,Sangjusi,5.0,13.0,7.7
2018,9,Seolseong-Myeon,3.0,12.0,5.9
2018,9,Seonggeoeup,5.0,14.0,11.066666666666666
2018,10,Bangsan-Myeon,1.0,6.0,3.3870967741935485
2018,10,Geumchon-Dong,9.0,35.0,19.193548387096776
2018,10,Gwanak-Gu,12.0,53.0,31.096774193548388
2018,10,Jeongnim-Dong,8.0,23.0,15.483870967741936
2018,10,Jungang-Way,6.0,30.0,17.483870967741936
2018,10,Juwol-Dong,10.0,34.0,23.161290322580644
2018,10,Nowon-Gu,8.0,44.0,24.516129032258064
2018,10,Pado-Ri,1.0,9.0,3.806451612903226
2018,10,Paju,1.0,9.0,3.032258064516129
2018,10,Sangjusi,4.0,18.0,11.258064516129032
2018,10,Seolseong-Myeon,2.0,12.0,7.806451612903226
2018,10,Seonggeoeup,8.0,31.0,19.20689655172414
2018,11,Bangsan-Myeon,4.0,9.0,5.5
2018,11,Geumchon-Dong,16.0,39.0,27.566666666666666
2018,11,Gwanak-Gu,17.0,67.0,41.266666666666666
2018,11,Jeongnim-Dong,15.0,36.0,24.733333333333334
2018,11,Jungang-Way,9.0,35.0,25.066666666666666
2018,11,Juwol-Dong,14.0,48.0,35.166666666666664
2018,11,Nowon-Gu,14.0,56.0,34.233333333333334
2018,11,Pado-Ri,2.0,19.0,6.033333333333333
2018,11,Paju,2.0,11.0,4.433333333333334
2018,11,Sangjusi,10.0,25.0,17.666666666666668
2018,11,Seolseong-Myeon,6.0,27.0,15.5
2018,11,Seonggeoeup,19.0,45.0,29.333333333333332
2018,12,Bangsan-Myeon,3.0,9.0,5.827586206896552
2018,12,Geumchon-Dong,11.0,42.0,26.321428571428573
2018,12,Gwanak-Gu,15.0,72.0,38.0
2018,12,Jeongnim-Dong,8.0,35.0,21.714285714285715
2018,12,Jungang-Way,5.0,43.0,24.857142857142858
2018,12,Juwol-Dong,9.0,66.0,27.142857142857142
2018,12,Nowon-Gu,9.0,60.0,31.678571428571427
2018,12,Pado-Ri,1.0,24.0,6.678571428571429
2018,12,Paju,1.0,17.0,5.678571428571429
2018,12,Sangjusi,6.0,33.0,15.928571428571429
2018,12,Seolseong-Myeon,6.0,35.0,18.035714285714285
2018,12,Seonggeoeup,13.0,52.0,26.607142857142858
2019,1,Bangsan-Myeon,3.0,15.0,6.967741935483871
2019,1,Geumchon-Dong,18.0,46.0,31.483870967741936
2019,1,Gwanak-Gu,19.0,73.0,43.774193548387096
2019,1,Jeongnim-Dong,12.0,30.0,20.903225806451612
2019,1,Jungang-Way,11.0,42.0,26.06451612903226
2019,1,Juwol-Dong,13.0,48.0,29.451612903225808
2019,1,Nowon-Gu,14.0,65.0,37.32258064516129
2019,1,Pado-Ri,1.0,13.0,4.645161290322581
2019,1,Paju,1.0,16.0,7.032258064516129
2019,1,Sangjusi,7.0,26.0,14.96774193548387
2019,1,Seolseong-Myeon,8.0,34.0,18.258064516129032
2019,1,Seonggeoeup,16.0,42.0,26.93548387096774
2019,2,Bangsan-Myeon,4.0,10.0,5.964285714285714
2019,2,Geumchon-Dong,12.0,41.0,25.428571428571427
2019,2,Gwanak-Gu,17.0,61.0,39.285714285714285
2019,2,Jeongnim-Dong,12.0,41.0,22.607142857142858
2019,2,Jungang-Way,8.0,27.0,16.642857142857142
2019,2,Juwol-Dong,11.0,38.0,24.928571428571427
2019,2,Nowon-Gu,12.0,48.0,31.535714285714285
2019,2,Pado-Ri,1.0,15.0,5.107142857142857
2019,2,Paju,1.0,16.0,5.035714285714286
2019,2,Sangjusi,6.0,21.0,13.821428571428571
2019,2,Seolseong-Myeon,5.0,25.0,14.607142857142858
2019,2,Seonggeoeup,10.0,36.0,22.964285714285715
2019,3,Bangsan-Myeon,3.0,24.0,9.758620689655173
2019,3,Geumchon-Dong,13.0,37.0,23.7
2019,3,Gwanak-Gu,11.0,64.0,29.933333333333334
2019,3,Hwasun-Eup,5.0,19.0,12.333333333333334
2019,3,Jeongnim-Dong,8.0,34.0,18.733333333333334
2019,3,Jungang-Way,7.0,30.0,15.7
2019,3,Juwol-Dong,9.0,42.0,24.366666666666667
2019,3,Nowon-Gu,11.0,53.0,30.033333333333335
2019,3,Pado-Ri,1.0,15.0,4.733333333333333
2019,3,Paju,2.0,18.0,6.833333333333333
2019,3,Sangjusi,5.0,23.0,12.1
2019,3,Seolseong-Myeon,3.0,18.0,10.233333333333333
2019,3,Seonggeoeup,7.0,38.0,22.933333333333334
2019,4,Bangsan-Myeon,1.0,16.0,5.379310344827586
2019,4,Geumchon-Dong,11.0,29.0,20.466666666666665
2019,4,Gwanak-Gu,18.0,45.0,27.733333333333334
2019,4,Hwasun-Eup,7.0,19.0,11.966666666666667
2019,4,Jeongnim-Dong,11.0,25.0,15.533333333333333
2019,4,Jungang-Way,7.0,22.0,13.366666666666667
2019,4,Juwol-Dong,11.0,33.0,21.766666666666666
2019,4,Nowon-Gu,14.0,44.0,25.066666666666666
2019,4,Pado-Ri,4.0,16.0,7.133333333333334
2019,4,Paju,2.0,10.0,4.966666666666667
2019,4,Sangjusi,6.0,17.0,9.8
2019,4,Seolseong-Myeon,4.0,14.0,8.166666666666666
2019,4,Seonggeoeup,13.0,27.0,18.9
2019,5,Bangsan-Myeon,2.0,5.0,3.096774193548387
2019,5,Geumchon-Dong,9.0,28.0,17.70967741935484
2019,5,Gwanak-Gu,11.0,52.0,25.677419354838708
2019,5,Hwasun-Eup,4.0,13.0,9.580645161290322
2019,5,Jeongnim-Dong,7.0,19.0,11.935483870967742
2019,5,Jungang-Way,5.0,21.0,11.241379310344827
2019,5,Juwol-Dong,8.0,35.0,19.741935483870968
2019,5,Nowon-Gu,8.0,42.0,24.35483870967742
2019,5,Pado-Ri,2.0,10.0,5.548387096774194
2019,5,Paju,2.0,8.0,4.548387096774194
2019,5,Sangjusi,5.0,14.0,8.741935483870968
2019,5,Seolseong-Myeon,4.0,13.0,8.806451612903226
2019,5,Seonggeoeup,5.0,28.0,17.06451612903226
2019,6,Bangsan-Myeon,1.0,6.0,2.4482758620689653
2019,6,Geumchon-Dong,7.0,20.0,11.793103448275861
2019,6,Gwanak-Gu,9.0,36.0,20.379310344827587
2019,6,Hwasun-Eup,5.0,13.0,7.172413793103448
2019,6,Jeongnim-Dong,6.0,16.0,9.89655172413793
2019,6,Jungang-Way,6.0,16.0,10.068965517241379
2019,6,Juwol-Dong,8.0,27.0,14.482758620689655
2019,6,Nowon-Gu,8.0,26.0,16.17241379310345
2019,6,Pado-Ri,3.0,13.0,6.758620689655173
2019,6,Paju,1.0,4.0,2.6551724137931036
2019,6,Sangjusi,4.0,13.0,7.724137931034483
2019,6,Seolseong-Myeon,5.0,12.0,7.448275862068965
2019,6,Seonggeoeup,8.0,22.0,14.137931034482758
2019,7,Bangsan-Myeon,1.0,2.0,1.1379310344827587
2019,7,Geumchon-Dong,6.0,19.0,11.451612903225806
2019,7,Gwanak-Gu,9.0,32.0,17.419354838709676
2019,7,Hwasun-Eup,3.0,9.0,5.741935483870968
2019,7,Jeongnim-Dong,1.0,13.0,6.32258064516129
2019,7,Jungang-Way,1.0,8.0,5.290322580645161
2019,7,Juwol-Dong,4.0,19.0,10.483870967741936
2019,7,Nowon-Gu,3.0,23.0,14.548387096774194
2019,7,Pado-Ri,2.0,10.0,4.935483870967742
2019,7,Paju,2.0,6.0,2.933333333333333
2019,7,Sangjusi,4.0,12.0,7.032258064516129
2019,7,Seolseong-Myeon,4.0,12.0,7.0
2019,7,Seonggeoeup,4.0,18.0,10.387096774193548
2019,8,Bangsan-Myeon,1.0,1.0,1.0
2019,8,Geumchon-Dong,6.0,21.0,11.35483870967742
2019,8,Gwanak-Gu,10.0,27.0,17.612903225806452
2019,8,Hwasun-Eup,5.0,8.0,6.580645161290323
2019,8,Jeongnim-Dong,1.0,11.0,5.064516129032258
2019,8,Jungang-Way,1.0,8.0,4.482758620689655
2019,8,Juwol-Dong,4.0,19.0,11.935483870967742
2019,8,Nowon-Gu,4.0,21.0,13.838709677419354
2019,8,Pado-Ri,2.0,9.0,5.516129032258065
2019,8,Paju,1.0,5.0,2.3870967741935485
2019,8,Sangjusi,2.0,9.0,6.133333333333334
2019,8,Seolseong-Myeon,2.0,8.0,4.645161290322581
2019,8,Seonggeoeup,7.0,16.0,11.290322580645162
2019,9,Bangsan-Myeon,1.0,1.0,1.0
2019,9,Geumchon-Dong,3.0,21.0,11.933333333333334
2019,9,Gwanak-Gu,22.0,30.0,26.0
2019,9,Hwasun-Eup,2.0,9.0,6.4
2019,9,Jeongnim-Dong,3.0,17.0,9.566666666666666
2019,9,Jungang-Way,4.0,11.0,7.766666666666667
2019,9,Juwol-Dong,5.0,27.0,14.166666666666666
2019,9,Nowon-Gu,2.0,21.0,12.5
2019,9,Pado-Ri,2.0,10.0,4.5
2019,9,Paju,1.0,9.0,3.1333333333333333
2019,9,Sangjusi,2.0,13.0,7.966666666666667
2019,9,Seolseong-Myeon,1.0,13.0,6.666666666666667
2019,9,Seonggeoeup,4.0,20.0,11.8
2019,10,Bangsan-Myeon,1.0,3.0,1.3571428571428572
2019,10,Geumchon-Dong,7.0,26.0,15.096774193548388
2019,10,Gwanak-Gu,9.0,31.0,17.612903225806452
2019,10,Hwasun-Eup,3.0,17.0,9.838709677419354
2019,10,Jeongnim-Dong,6.0,24.0,13.0
2019,10,Jungang-Way,5.0,19.0,11.193548387096774
2019,10,Juwol-Dong,10.0,43.0,21.225806451612904
2019,10,Nowon-Gu,6.0,21.0,12.35483870967742
2019,10,Pado-Ri,1.0,9.0,4.193548387096774
2019,10,Paju,1.0,9.0,2.6451612903225805
2019,10,Sangjusi,4.0,14.0,10.161290322580646
2019,10,Seolseong-Myeon,3.0,16.0,8.774193548387096
2019,10,Seonggeoeup,7.0,27.0,16.258064516129032
2019,11,Bangsan-Myeon,1.0,6.0,2.7037037037037037
2019,11,Geumchon-Dong,11.0,36.0,24.17241379310345
2019,11,Gwanak-Gu,15.0,54.0,33.689655172413794
2019,11,Hwasun-Eup,5.0,20.0,13.344827586206897
2019,11,Jeongnim-Dong,10.0,31.0,19.24137931034483
2019,11,Jungang-Way,8.0,33.0,21.79310344827586
2019,11,Juwol-Dong,9.0,42.0,27.137931034482758
2019,11,Nowon-Gu,3.0,46.0,21.344827586206897
2019,11,Pado-Ri,1.0,22.0,6.103448275862069
2019,11,Paju,2.0,15.0,6.689655172413793
2019,11,Sangjusi,6.0,23.0,15.448275862068966
2019,11,Seolseong-Myeon,5.0,27.0,16.620689655172413
2019,11,Seonggeoeup,12.0,34.0,24.5
2019,12,Bangsan-Myeon,1.0,7.0,3.0
2019,12,Cheongnim-Dong,12.0,47.0,23.714285714285715
2019,12,Geumchon-Dong,15.0,40.0,28.0
2019,12,Gwanak-Gu,17.0,53.0,36.206896551724135
2019,12,Hwasun-Eup,6.0,27.0,15.689655172413794
2019,12,Jeongnim-Dong,10.0,33.0,21.96551724137931
2019,12,Jungang-Way,7.0,31.0,19.137931034482758
2019,12,Juwol-Dong,15.0,58.0,31.93103448275862
2019,12,Nowon-Gu,10.0,59.0,32.6551724137931
2019,12,Pado-Ri,1.0,9.0,3.2758620689655173
2019,12,Paju,1.0,16.0,8.206896551724139
2019,12,Sangjusi,7.0,26.0,16.620689655172413
2019,12,Seolseong-Myeon,5.0,26.0,16.551724137931036
2019,12,Seonggeoeup,16.0,29.0,20.82758620689655
2020,1,Bangsan-Myeon,1.0,3.0,1.3333333333333333
2020,1,Cheongnim-Dong,11.0,34.0,20.0
2020,1,Geumchon-Dong,7.0,36.0,25.225806451612904
2020,1,Gwanak-Gu,14.0,57.0,36.12903225806452
2020,1,Hwasun-Eup,6.0,24.0,14.225806451612904
2020,1,Jeongnim-Dong,9.0,34.0,21.032258064516128
2020,1,Jungang-Way,3.0,24.0,16.161290322580644
2020,1,Juwol-Dong,13.0,43.0,26.70967741935484
2020,1,Nowon-Gu,7.0,45.0,30.322580645161292
2020,1,Pado-Ri,1.0,17.0,3.4
2020,1,Paju,1.0,9.0,3.5806451612903225
2020,1,Sangjusi,6.0,33.0,15.806451612903226
2020,1,Seolseong-Myeon,1.0,27.0,12.709677419354838
2020,1,Seonggeoeup,6.0,32.0,19.70967741935484
2020,2,Bangsan-Myeon,1.0,4.0,1.5714285714285714
2020,2,Cheongnim-Dong,12.0,28.0,18.275862068965516
2020,2,Geumchon-Dong,11.0,41.0,21.655172413793103
2020,2,Gwanak-Gu,14.0,59.0,33.37931034482759
2020,2,Hwasun-Eup,4.0,19.0,12.241379310344827
2020,2,Jeongnim-Dong,7.0,27.0,16.75862068965517
2020,2,Jungang-Way,4.0,37.0,16.896551724137932
2020,2,Juwol-Dong,7.0,47.0,20.137931034482758
2020,2,Nowon-Gu,9.0,52.0,27.0
2020,2,Pado-Ri,1.0,15.0,4.0344827586206895
2020,2,Paju,1.0,14.0,4.620689655172414
2020,2,Sangjusi,4.0,27.0,12.379310344827585
2020,2,Seolseong-Myeon,2.0,25.0,9.413793103448276
2020,2,Seonggeoeup,9.0,29.0,17.413793103448278
2020,3,Bangsan-Myeon,1.0,5.0,1.7586206896551724
2020,3,Cheongnim-Dong,15.0,28.0,19.419354838709676
2020,3,Geumchon-Dong,9.0,35.0,19.310344827586206
2020,3,Gwanak-Gu,11.0,59.0,27.93103448275862
2020,3,Hwasun-Eup,5.0,15.0,9.225806451612904
2020,3,Jeongnim-Dong,7.0,22.0,12.620689655172415
2020,3,Jungang-Way,6.0,19.0,12.0
2020,3,Juwol-Dong,9.0,38.0,18.24137931034483
2020,3,Nowon-Gu,6.0,42.0,21.06896551724138
2020,3,Pado-Ri,1.0,12.0,3.206896551724138
2020,3,Paju,1.0,14.0,5.290322580645161
2020,3,Sangjusi,4.0,18.0,10.129032258064516
2020,3,Seolseong-Myeon,3.0,14.0,7.275862068965517
2020,3,Seonggeoeup,8.0,32.0,16.258064516129032
2020,4,Bangsan-Myeon,1.0,2.0,1.2142857142857142
2020,4,Cheongnim-Dong,10.0,24.0,17.466666666666665
2020,4,Geumchon-Dong,7.0,24.0,15.133333333333333
2020,4,Gwanak-Gu,9.0,37.0,20.433333333333334
2020,4,Hwasun-Eup,4.0,11.0,8.2
2020,4,Jeongnim-Dong,4.0,11.0,7.533333333333333
2020,4,Jungang-Way,1.0,13.0,7.866666666666666
2020,4,Juwol-Dong,4.0,26.0,15.866666666666667
2020,4,Nowon-Gu,6.0,32.0,18.1
2020,4,Pado-Ri,1.0,7.0,2.7
2020,4,Paju,1.0,7.0,3.8
2020,4,Sangjusi,3.0,11.0,6.7
2020,4,Seolseong-Myeon,1.0,10.0,5.241379310344827
2020,4,Seonggeoeup,7.0,20.0,13.0
2020,5,Bangsan-Myeon,1.0,2.0,1.0333333333333334
2020,5,Cheongnim-Dong,7.0,19.0,12.580645161290322
2020,5,Geumchon-Dong,6.0,24.0,12.741935483870968
2020,5,Gwanak-Gu,11.0,33.0,20.419354838709676
2020,5,Hwasun-Eup,4.0,9.0,6.548387096774194
2020,5,Jeongnim-Dong,4.0,11.0,6.32258064516129
2020,5,Jungang-Way,4.0,12.0,6.967741935483871
2020,5,Juwol-Dong,3.0,17.0,10.32258064516129
2020,5,Nowon-Gu,7.0,31.0,15.451612903225806
2020,5,Pado-Ri,1.0,8.0,3.225806451612903
2020,5,Paju,1.0,6.0,3.161290322580645
2020,5,Sangjusi,3.0,13.0,6.096774193548387
2020,5,Seolseong-Myeon,1.0,2.0,1.25
2020,5,Seonggeoeup,5.0,17.0,11.064516129032258
2020,6,Bangsan-Myeon,1.0,1.0,1.0
2020,6,Cheongnim-Dong,7.0,17.0,12.5
2020,6,Geumchon-Dong,7.0,20.0,11.666666666666666
2020,6,Gwanak-Gu,10.0,35.0,19.1
2020,6,Hwasun-Eup,3.0,8.0,5.4
2020,6,Hyeoksin-Dong,3.0,12.0,6.5
2020,6,Jeongnim-Dong,4.0,14.0,8.266666666666667
2020,6,Jungang-Way,2.0,10.0,6.233333333333333
2020,6,Juwol-Dong,5.0,15.0,10.166666666666666
2020,6,Nowon-Gu,5.0,27.0,14.333333333333334
2020,6,Onui-Dong,7.0,24.0,13.1
2020,6,Pado-Ri,1.0,10.0,3.466666666666667
2020,6,Paju,1.0,6.0,2.4
2020,6,Saesol-Dong,3.0,15.0,8.7
2020,6,Sangjusi,3.0,11.0,6.2
2020,6,Seolseong-Myeon,1.0,9.0,5.466666666666667
2020,6,Seonggeoeup,6.0,17.0,11.3
2020,6,Soi-Myeon,6.0,8.0,7.2
2020,7,Bangsan-Myeon,1.0,1.0,1.0
2020,7,Cheongnim-Dong,5.0,15.0,10.387096774193548
2020,7,Geumchon-Dong,3.0,15.0,8.838709677419354
2020,7,Gwanak-Gu,10.0,31.0,17.032258064516128
2020,7,Hwasun-Eup,2.0,8.0,4.666666666666667
2020,7,Hyeoksin-Dong,3.0,11.0,6.419354838709677
2020,7,Jeongnim-Dong,3.0,10.0,6.67741935483871
2020,7,Jungang-Way,1.0,7.0,4.354838709677419
2020,7,Juwol-Dong,3.0,17.0,8.161290322580646
2020,7,Nowon-Gu,3.0,19.0,10.741935483870968
2020,7,Onui-Dong,4.0,17.0,9.258064516129032
2020,7,Pado-Ri,1.0,9.0,3.5806451612903225
2020,7,Paju,1.0,5.0,1.793103448275862
2020,7,Saesol-Dong,2.0,16.0,8.225806451612904
2020,7,Sangjusi,3.0,10.0,5.838709677419355
2020,7,Seolseong-Myeon,1.0,9.0,3.903225806451613
2020,7,Seonggeoeup,3.0,17.0,8.451612903225806
2020,7,Soi-Myeon,3.0,9.0,5.741935483870968
2020,8,Bangsan-Myeon,1.0,1.0,1.0
2020,8,Cheongnim-Dong,4.0,18.0,10.35483870967742
2020,8,Geumchon-Dong,5.0,13.0,8.129032258064516
2020,8,Gwanak-Gu,7.0,21.0,13.387096774193548
2020,8,Hwasun-Eup,2.0,7.0,3.870967741935484
2020,8,Hyeoksin-Dong,1.0,10.0,4.612903225806452
2020,8,Jeongnim-Dong,3.0,17.0,5.5
2020,8,Jungang-Way,1.0,7.0,3.888888888888889
2020,8,Juwol-Dong,1.0,12.0,5.096774193548387
2020,8,Nowon-Gu,6.0,18.0,12.451612903225806
2020,8,Onui-Dong,4.0,15.0,10.290322580645162
2020,8,Pado-Ri,1.0,10.0,3.230769230769231
2020,8,Paju,1.0,6.0,2.7096774193548385
2020,8,Saesol-Dong,1.0,13.0,5.483870967741935
2020,8,Sangjusi,3.0,9.0,5.967741935483871
2020,8,Seolseong-Myeon,1.0,7.0,3.3225806451612905
2020,8,Seonggeoeup,3.0,11.0,7.129032258064516
2020,8,Soi-Myeon,2.0,7.0,4.161290322580645
2020,9,Bangsan-Myeon,1.0,1.0,1.0
2020,9,Cheongnim-Dong,6.0,26.0,14.4
2020,9,Geumchon-Dong,3.0,19.0,9.366666666666667
2020,9,Gwanak-Gu,7.0,28.0,16.366666666666667
2020,9,Hwasun-Eup,2.0,8.0,5.2
2020,9,Hyeoksin-Dong,3.0,23.0,8.566666666666666
2020,9,Jeongnim-Dong,2.0,12.0,7.7
2020,9,Juwol-Dong,5.0,18.0,10.933333333333334
2020,9,Nowon-Gu,4.0,21.0,12.366666666666667
2020,9,Onui-Dong,6.0,19.0,11.133333333333333
2020,9,Pado-Ri,1.0,37.0,4.464285714285714
2020,9,Paju,1.0,6.0,2.1333333333333333
2020,9,Saesol-Dong,2.0,18.0,8.333333333333334
2020,9,Sangjusi,2.0,13.0,6.366666666666666
2020,9,Seolseong-Myeon,1.0,6.0,3.3
2020,9,Seonggeoeup,4.0,15.0,8.866666666666667
2020,9,Soi-Myeon,3.0,9.0,5.366666666666666
2020,10,Bangsan-Myeon,1.0,3.0,1.2580645161290323
2020,10,Cheongnim-Dong,10.0,29.0,19.06451612903226
2020,10,Geumchon-Dong,7.0,34.0,17.29032258064516
2020,10,Gwanak-Gu,8.0,59.0,28.70967741935484
2020,10,Hwasun-Eup,2.0,16.0,8.064516129032258
2020,10,Hyeoksin-Dong,2.0,29.0,13.3
2020,10,Jeongnim-Dong,4.0,30.0,14.548387096774194
2020,10,Jungang-Way,14.0,22.0,17.333333333333332
2020,10,Juwol-Dong,7.0,42.0,19.466666666666665
2020,10,Nowon-Gu,8.0,40.0,23.032258064516128
2020,10,Onui-Dong,7.0,33.0,18.29032258064516
2020,10,Pado-Ri,2.0,20.0,10.666666666666666
2020,10,Paju,1.0,12.0,4.129032258064516
2020,10,Saesol-Dong,2.0,43.0,19.925925925925927
2020,10,Sangjusi,3.0,18.0,10.096774193548388
2020,10,Seolseong-Myeon,2.0,19.0,8.483870967741936
2020,10,Seonggeoeup,5.0,27.0,14.451612903225806
2020,10,Soi-Myeon,3.0,16.0,9.064516129032258
2020,11,Bangsan-Myeon,1.0,6.0,2.2333333333333334
2020,11,Cheongnim-Dong,9.0,31.0,20.3
2020,11,Geumchon-Dong,10.0,37.0,23.1
2020,11,Gwanak-Gu,12.0,67.0,34.0
2020,11,Hwasun-Eup,3.0,22.0,10.0
2020,11,Hyeoksin-Dong,1.0,30.0,12.2
2020,11,Jeongnim-Dong,9.0,34.0,19.866666666666667
2020,11,Jungang-Way,5.0,34.0,19.233333333333334
2020,11,Juwol-Dong,8.0,44.0,22.3
2020,11,Nowon-Gu,8.0,53.0,26.4
2020,11,Onui-Dong,1.0,41.0,22.466666666666665
2020,11,Pado-Ri,1.0,22.0,7.233333333333333
2020,11,Paju,1.0,15.0,6.1
2020,11,Saesol-Dong,5.0,53.0,25.2
2020,11,Sangjusi,5.0,26.0,13.366666666666667
2020,11,Seolseong-Myeon,4.0,26.0,11.3
2020,11,Seonggeoeup,10.0,33.0,19.6
2020,11,Soi-Myeon,7.0,19.0,12.066666666666666
2020,12,Bangsan-Myeon,1.0,9.0,3.193548387096774
2020,12,Cheongnim-Dong,13.0,29.0,20.225806451612904
2020,12,Geumchon-Dong,10.0,49.0,27.419354838709676
2020,12,Gwanak-Gu,13.0,56.0,33.806451612903224
2020,12,Hwasun-Eup,1.0,30.0,12.516129032258064
2020,12,Hyeoksin-Dong,7.0,32.0,21.258064516129032
2020,12,Jeongnim-Dong,7.0,28.0,18.741935483870968
2020,12,Jungang-Way,4.0,35.0,21.032258064516128
2020,12,Juwol-Dong,8.0,55.0,25.096774193548388
2020,12,Nowon-Gu,9.0,55.0,27.64516129032258
2020,12,Onui-Dong,9.0,34.0,21.29032258064516
2020,12,Pado-Ri,1.0,9.0,4.133333333333334
2020,12,Paju,2.0,28.0,8.258064516129032
2020,12,Saesol-Dong,9.0,40.0,25.806451612903224
2020,12,Sangjusi,5.0,22.0,12.129032258064516
2020,12,Seolseong-Myeon,6.0,21.0,13.03225806451613
2020,12,Seonggeoeup,10.0,29.0,21.06451612903226
2020,12,Soi-Myeon,10.0,20.0,14.612903225806452
2021,1,Bangsan-Myeon,1.0,9.0,2.903225806451613
2021,1,Cheongnim-Dong,11.0,32.0,19.870967741935484
2021,1,Geumchon-Dong,10.0,47.0,25.451612903225808
2021,1,Gwanak-Gu,13.0,60.0,33.354838709677416
2021,1,Hwasun-Eup,1.0,23.0,12.482758620689655
2021,1,Hyeoksin-Dong,4.0,31.0,18.419354838709676
2021,1,Jeongnim-Dong,8.0,39.0,21.586206896551722
2021,1,Jungang-Way,4.0,34.0,16.903225806451612
2021,1,Juwol-Dong,7.0,52.0,26.64516129032258
2021,1,Nowon-Gu,7.0,56.0,27.741935483870968
2021,1,Onui-Dong,8.0,36.0,21.258064516129032
2021,1,Pado-Ri,1.0,16.0,5.193548387096774
2021,1,Paju,1.0,20.0,6.290322580645161
2021,1,Saesol-Dong,10.0,54.0,26.689655172413794
2021,1,Sangjusi,5.0,24.0,12.483870967741936
2021,1,Seolseong-Myeon,1.0,25.0,10.129032258064516
2021,1,Seonggeoeup,10.0,37.0,19.0
2021,1,Soi-Myeon,8.0,21.0,12.774193548387096
2021,2,Bangsan-Myeon,1.0,8.0,3.392857142857143
2021,2,Cheongnim-Dong,11.0,25.0,17.964285714285715
2021,2,Geumchon-Dong,10.0,37.0,22.035714285714285
2021,2,Gwanak-Gu,10.0,68.0,32.285714285714285
2021,2,Hwasun-Eup,4.0,24.0,12.535714285714286
2021,2,Hyeoksin-Dong,8.0,31.0,15.642857142857142
2021,2,Jeongnim-Dong,7.0,34.0,18.035714285714285
2021,2,Jungang-Way,2.0,25.0,13.0
2021,2,Juwol-Dong,12.0,42.0,25.142857142857142
2021,2,Nowon-Gu,8.0,51.0,27.785714285714285
2021,2,Onui-Dong,6.0,34.0,21.642857142857142
2021,2,Pado-Ri,1.0,23.0,6.115384615384615
2021,2,Paju,1.0,14.0,5.428571428571429
2021,2,Saesol-Dong,7.0,57.0,21.178571428571427
2021,2,Sangjusi,5.0,21.0,11.535714285714286
2021,2,Seolseong-Myeon,4.0,23.0,8.964285714285714
2021,2,Seonggeoeup,9.0,38.0,17.071428571428573
2021,2,Soi-Myeon,6.0,16.0,10.928571428571429
2021,3,Bangsan-Myeon,1.0,7.0,3.096774193548387
2021,3,Cheongnim-Dong,11.0,25.0,17.387096774193548
2021,3,Geumchon-Dong,10.0,38.0,22.193548387096776
2021,3,Gwanak-Gu,14.0,67.0,36.464285714285715
2021,3,Hwasun-Eup,6.0,16.0,10.096774193548388
2021,3,Hyeoksin-Dong,6.0,25.0,15.35483870967742
2021,3,Jeongnim-Dong,7.0,31.0,17.258064516129032
2021,3,Jungang-Way,5.0,20.0,11.774193548387096
2021,3,Juwol-Dong,9.0,33.0,21.193548387096776
2021,3,Nowon-Gu,8.0,51.0,26.225806451612904
2021,3,Onui-Dong,8.0,34.0,20.64516129032258
2021,3,Pado-Ri,1.0,14.0,6.67741935483871
2021,3,Paju,2.0,16.0,7.233333333333333
2021,3,Saesol-Dong,6.0,34.0,20.64516129032258
2021,3,Sangjusi,4.0,17.0,10.0
2021,3,Seolseong-Myeon,1.0,14.0,6.645161290322581
2021,3,Seonggeoeup,8.0,26.0,17.70967741935484
2021,3,Soi-Myeon,7.0,15.0,10.838709677419354
2021,4,Bangsan-Myeon,1.0,4.0,2.1666666666666665
2021,4,Cheongnim-Dong,11.0,25.0,17.633333333333333
2021,4,Geumchon-Dong,7.0,25.0,15.066666666666666
2021,4,Gwanak-Gu,11.0,53.0,23.7
2021,4,Hwasun-Eup,4.0,15.0,8.1
2021,4,Hyeoksin-Dong,7.0,20.0,13.4
2021,4,Jeongnim-Dong,7.0,20.0,11.633333333333333
2021,4,Jungang-Way,2.0,15.0,7.866666666666666
2021,4,Juwol-Dong,7.0,28.0,14.833333333333334
2021,4,Nowon-Gu,7.0,35.0,18.4
2021,4,Onui-Dong,5.0,26.0,15.833333333333334
2021,4,Pado-Ri,2.0,14.0,5.566666666666666
2021,4,Paju,1.0,7.0,3.8666666666666667
2021,4,Saesol-Dong,5.0,30.0,14.7
2021,4,Sangjusi,3.0,15.0,7.566666666666666
2021,4,Seolseong-Myeon,1.0,12.0,4.4
2021,4,Seonggeoeup,6.0,25.0,13.666666666666666
2021,4,Soi-Myeon,7.0,14.0,9.466666666666667
2021,5,Bangsan-Myeon,1.0,4.0,1.4
2021,5,Cheongnim-Dong,13.0,24.0,17.548387096774192
2021,5,Geumchon-Dong,6.0,27.0,12.96774193548387
2021,5,Gwanak-Gu,10.0,38.0,20.258064516129032
2021,5,Hwasun-Eup,4.0,9.0,6.258064516129032
2021,5,Hyeoksin-Dong,6.0,19.0,10.290322580645162
2021,5,Jeongnim-Dong,6.0,14.0,9.419354838709678
2021,5,Jungang-Way,1.0,17.0,5.967741935483871
2021,5,Juwol-Dong,3.0,15.0,9.935483870967742
2021,5,Nowon-Gu,7.0,32.0,16.193548387096776
2021,5,Onui-Dong,5.0,21.0,12.903225806451612
2021,5,Pado-Ri,2.0,9.0,3.806451612903226
2021,5,Paju,1.0,15.0,4.419354838709677
2021,5,Saesol-Dong,6.0,24.0,12.64516129032258
2021,5,Sangjusi,3.0,10.0,5.870967741935484
2021,5,Seolseong-Myeon,1.0,7.0,2.903225806451613
2021,5,Seonggeoeup,7.0,19.0,11.612903225806452
2021,5,Soi-Myeon,5.0,10.0,7.354838709677419
2021,6,Bangsan-Myeon,1.0,2.0,1.0357142857142858
2021,6,Cheongnim-Dong,3.0,22.0,12.3
2021,6,Geumchon-Dong,6.0,21.0,11.666666666666666
2021,6,Gwanak-Gu,10.0,34.0,19.266666666666666
2021,6,Hwasun-Eup,3.0,8.0,5.866666666666666
2021,6,Hyeoksin-Dong,5.0,16.0,9.166666666666666
2021,6,Jeongnim-Dong,6.0,13.0,8.7
2021,6,Jungang-Way,2.0,7.0,4.433333333333334
2021,6,Juwol-Dong,6.0,15.0,9.533333333333333
2021,6,Nowon-Gu,6.0,23.0,13.4
2021,6,Onui-Dong,6.0,16.0,11.0
2021,6,Pado-Ri,1.0,8.0,4.333333333333333
2021,6,Paju,2.0,8.0,3.1379310344827585
2021,6,Saesol-Dong,6.0,24.0,12.6
2021,6,Sangjusi,4.0,10.0,5.766666666666667
2021,6,Seolseong-Myeon,2.0,8.0,5.222222222222222
2021,6,Seonggeoeup,8.0,16.0,11.466666666666667
2021,6,Soi-Myeon,5.0,8.0,5.833333333333333
2021,7,Bangsan-Myeon,1.0,2.0,1.032258064516129
2021,7,Cheongnim-Dong,5.0,17.0,11.35483870967742
2021,7,Geumchon-Dong,5.0,15.0,9.161290322580646
2021,7,Gwanak-Gu,7.0,25.0,14.96774193548387
2021,7,Hwasun-Eup,3.0,8.0,5.032258064516129
2021,7,Hyeoksin-Dong,3.0,11.0,7.32258064516129
2021,7,Jeongnim-Dong,2.0,11.0,6.290322580645161
2021,7,Jungang-Way,2.0,6.0,3.7419354838709675
2021,7,Juwol-Dong,3.0,13.0,6.709677419354839
2021,7,Nowon-Gu,4.0,18.0,12.290322580645162
2021,7,Onui-Dong,7.0,15.0,10.096774193548388
2021,7,Pado-Ri,1.0,10.0,3.966666666666667
2021,7,Paju,1.0,4.0,2.3870967741935485
2021,7,Saesol-Dong,4.0,17.0,10.193548387096774
2021,7,Sangjusi,2.0,10.0,6.161290322580645
2021,7,Seolseong-Myeon,2.0,6.0,3.607142857142857
2021,7,Seonggeoeup,5.0,13.0,8.451612903225806
2021,7,Soi-Myeon,3.0,8.0,4.483870967741935
2021,8,Bangsan-Myeon,1.0,1.0,1.0
2021,8,Cheongnim-Dong,10.0,19.0,13.774193548387096
2021,8,Geumchon-Dong,5.0,22.0,9.870967741935484
2021,8,Gwanak-Gu,7.0,24.0,14.419354838709678
2021,8,Hwasun-Eup,3.0,12.0,5.774193548387097
2021,8,Hyeoksin-Dong,4.0,13.0,7.645161290322581
2021,8,Jeongnim-Dong,1.0,15.0,6.225806451612903
2021,8,Jungang-Way,1.0,8.0,4.709677419354839
2021,8,Juwol-Dong,4.0,14.0,8.892857142857142
2021,8,Nowon-Gu,4.0,22.0,11.516129032258064
2021,8,Onui-Dong,6.0,17.0,10.838709677419354
2021,8,Pado-Ri,1.0,6.0,3.3870967741935485
2021,8,Paju,1.0,8.0,2.5714285714285716
2021,8,Saesol-Dong,5.0,23.0,11.67741935483871
2021,8,Sangjusi,2.0,9.0,6.1
2021,8,Seolseong-Myeon,2.0,8.0,3.870967741935484
2021,8,Seonggeoeup,5.0,15.0,9.290322580645162
2021,8,Soi-Myeon,3.0,7.0,4.741935483870968
2021,9,Bangsan-Myeon,1.0,1.0,1.0
2021,9,Cheongnim-Dong,8.0,21.0,14.466666666666667
2021,9,Geumchon-Dong,3.0,16.0,8.033333333333333
2021,9,Gwanak-Gu,5.0,24.0,13.7
2021,9,Hwasun-Eup,3.0,8.0,5.066666666666666
2021,9,Hyeoksin-Dong,4.0,14.0,8.933333333333334
2021,9,Jeongnim-Dong,3.0,11.0,6.5
2021,9,Jungang-Way,1.0,7.0,3.6666666666666665
2021,9,Juwol-Dong,4.0,17.0,9.433333333333334
2021,9,Nowon-Gu,5.0,20.0,10.966666666666667
2021,9,Onui-Dong,6.0,18.0,10.866666666666667
2021,9,Pado-Ri,1.0,4.0,2.7
2021,9,Paju,2.0,5.0,2.6551724137931036
2021,9,Saesol-Dong,3.0,19.0,12.8
2021,9,Sangjusi,3.0,10.0,6.4
2021,9,Seolseong-Myeon,1.0,5.0,2.8
2021,9,Seonggeoeup,4.0,15.0,8.133333333333333
2021,9,Soi-Myeon,3.0,6.0,4.766666666666667
2021,10,Bangsan-Myeon,1.0,2.0,1.1
2021,10,Cheongnim-Dong,12.0,29.0,18.903225806451612
2021,10,Geumchon-Dong,6.0,26.0,14.580645161290322
2021,10,Gwanak-Gu,7.0,41.0,22.161290322580644
2021,10,Hwasun-Eup,2.0,12.0,7.161290322580645
2021,10,Hyeoksin-Dong,6.0,24.0,14.806451612903226
2021,10,Jeongnim-Dong,2.0,18.0,9.161290322580646
2021,10,Jungang-Way,3.0,18.0,9.387096774193548
2021,10,Juwol-Dong,6.0,29.0,16.451612903225808
2021,10,Nowon-Gu,6.0,35.0,19.387096774193548
2021,10,Onui-Dong,8.0,26.0,16.580645161290324
2021,10,Pado-Ri,1.0,6.0,2.5161290322580645
2021,10,Paju,1.0,8.0,3.064516129032258
2021,10,Saesol-Dong,5.0,59.0,22.0
2021,10,Sangjusi,5.0,17.0,9.580645161290322
2021,10,Seolseong-Myeon,2.0,11.0,5.258064516129032
2021,10,Seonggeoeup,6.0,26.0,12.35483870967742
2021,10,Soi-Myeon,4.0,12.0,7.806451612903226
2021,11,Bangsan-Myeon,1.0,4.0,1.9333333333333333
2021,11,Cheongnim-Dong,12.0,30.0,21.533333333333335
2021,11,Geumchon-Dong,7.0,43.0,23.566666666666666
2021,11,Gwanak-Gu,10.0,49.0,30.433333333333334
2021,11,Hwasun-Eup,4.0,18.0,11.5
2021,11,Hyeoksin-Dong,8.0,32.0,18.0
2021,11,Jeongnim-Dong,7.0,27.0,16.266666666666666
2021,11,Jungang-Way,4.0,28.0,15.766666666666667
2021,11,Juwol-Dong,10.0,39.0,27.033333333333335
2021,11,Nowon-Gu,8.0,48.0,26.466666666666665
2021,11,Onui-Dong,6.0,32.0,21.2
2021,11,Pado-Ri,1.0,10.0,3.103448275862069
2021,11,Paju,1.0,20.0,6.2
2021,11,Saesol-Dong,4.0,57.0,20.766666666666666
2021,11,Sangjusi,5.0,23.0,12.966666666666667
2021,11,Seolseong-Myeon,4.0,13.0,9.066666666666666
2021,11,Seonggeoeup,10.0,28.0,18.166666666666668
2021,11,Soi-Myeon,7.0,15.0,11.366666666666667
2021,12,Bangsan-Myeon,1.0,6.0,2.3548387096774195
2021,12,Cheongnim-Dong,11.0,34.0,22.032258064516128
2021,12,Geumchon-Dong,8.0,41.0,25.516129032258064
2021,12,Gwanak-Gu,10.0,56.0,32.96774193548387
2021,12,Hwasun-Eup,2.0,25.0,10.866666666666667
2021,12,Hyeoksin-Dong,6.0,33.0,19.548387096774192
2021,12,Jeongnim-Dong,7.0,32.0,20.483870967741936
2021,12,Jungang-Way,3.0,31.0,17.774193548387096
2021,12,Juwol-Dong,6.0,45.0,26.193548387096776
2021,12,Nowon-Gu,8.0,43.0,27.225806451612904
2021,12,Onui-Dong,7.0,33.0,21.838709677419356
2021,12,Pado-Ri,1.0,10.0,4.161290322580645
2021,12,Paju,2.0,26.0,8.741935483870968
2021,12,Saesol-Dong,7.0,47.0,22.967741935483872
2021,12,Sangjusi,3.0,24.0,12.225806451612904
2021,12,Seolseong-Myeon,2.0,19.0,9.32258064516129
2021,12,Seonggeoeup,7.0,40.0,20.548387096774192
2021,12,Soi-Myeon,8.0,21.0,13.290322580645162
2022,1,Bangsan-Myeon,1.0,7.0,2.838709677419355
2022,1,Cheongnim-Dong,13.0,31.0,20.032258064516128
2022,1,Geumchon-Dong,11.0,38.0,24.580645161290324
2022,1,Gwanak-Gu,16.0,57.0,32.12903225806452
2022,1,Hwasun-Eup,4.0,21.0,12.413793103448276
2022,1,Hyeoksin-Dong,8.0,32.0,21.0
2022,1,Jeongnim-Dong,10.0,42.0,25.258064516129032
2022,1,Jungang-Way,7.0,34.0,20.096774193548388
2022,1,Juwol-Dong,9.0,41.0,24.06451612903226
2022,1,Nowon-Gu,11.0,48.0,26.225806451612904
2022,1,Onui-Dong,11.0,37.0,26.193548387096776
2022,1,Pado-Ri,1.0,19.0,4.516129032258065
2022,1,Paju,4.0,16.0,7.225806451612903
2022,1,Saemangeum,3.0,3.0,3.0
2022,1,Saesol-Dong,2.0,45.0,22.25925925925926
2022,1,Sangjusi,4.0,20.0,11.32258064516129
2022,1,Seolseong-Myeon,2.0,21.0,11.258064516129032
2022,1,Seonggeoeup,10.0,41.0,22.387096774193548
2022,1,Soi-Myeon,9.0,22.0,14.483870967741936
2022,1,Taeha-Ri,2.0,2.0,2.0
2022,2,Bangsan-Myeon,1.0,4.0,2.263157894736842
2022,2,Cheongnim-Dong,14.0,28.0,19.157894736842106
2022,2,Geumchon-Dong,8.0,37.0,22.57894736842105
2022,2,Gwanak-Gu,11.0,55.0,28.736842105263158
2022,2,Hwasun-Eup,2.0,17.0,9.263157894736842
2022,2,Hyeoksin-Dong,8.0,31.0,18.42105263157895
2022,2,Jeongnim-Dong,6.0,34.0,19.157894736842106
2022,2,Jungang-Way,3.0,23.0,13.68421052631579
2022,2,Juwol-Dong,7.0,37.0,20.0
2022,2,Nowon-Gu,7.0,42.0,22.57894736842105
2022,2,Onui-Dong,5.0,37.0,21.0
2022,2,Pado-Ri,1.0,11.0,3.823529411764706
2022,2,Paju,2.0,11.0,5.684210526315789
2022,2,Saemangeum,2.0,14.0,7.0
2022,2,Saesol-Dong,2.0,37.0,18.57894736842105
2022,2,Sangjusi,3.0,21.0,10.947368421052632
2022,2,Seolseong-Myeon,1.0,25.0,9.68421052631579
2022,2,Seonggeoeup,7.0,31.0,18.842105263157894
2022,2,Soi-Myeon,7.0,16.0,11.473684210526315
2022,2,Taeha-Ri,1.0,3.0,1.4615384615384615
