,,, o3, o3, o3
,,,min,max,mean
date,date,City,,,
2013,12,Geumchon-Dong,19.0,19.0,19.0
2013,12,Gwanak-Gu,19.0,19.0,19.0
2013,12,Jeongnim-Dong,22.0,22.0,22.0
2013,12,Jungang-Way,24.0,24.0,24.0
2013,12,Juwol-Dong,24.0,24.0,24.0
2013,12,Nowon-Gu,12.0,12.0,12.0
2014,1,Bangsan-Myeon,16.0,34.0,27.11111111111111
2014,1,Geumchon-Dong,4.0,23.0,14.548387096774194
2014,1,Gwanak-Gu,3.0,22.0,12.32258064516129
2014,1,Jeongnim-Dong,4.0,30.0,14.193548387096774
2014,1,Jungang-Way,1.0,34.0,18.870967741935484
2014,1,Juwol-Dong,6.0,38.0,20.806451612903224
2014,1,Nowon-Gu,1.0,17.0,9.516129032258064
2014,1,Pado-Ri,7.0,25.0,16.555555555555557
2014,1,Seolseong-Myeon,5.0,24.0,16.444444444444443
2014,2,Bangsan-Myeon,21.0,62.0,38.32142857142857
2014,2,Geumchon-Dong,14.0,47.0,27.75
2014,2,Gwanak-Gu,8.0,34.0,21.071428571428573
2014,2,Jeongnim-Dong,9.0,38.0,23.571428571428573
2014,2,Jungang-Way,14.0,54.0,32.0
2014,2,Juwol-Dong,14.0,43.0,27.642857142857142
2014,2,Nowon-Gu,9.0,17.0,13.892857142857142
2014,2,Pado-Ri,4.0,25.0,12.535714285714286
2014,2,Seolseong-Myeon,10.0,51.0,31.428571428571427
2014,3,Bangsan-Myeon,35.0,84.0,48.67741935483871
2014,3,Geumchon-Dong,23.0,57.0,36.935483870967744
2014,3,Gwanak-Gu,11.0,52.0,31.451612903225808
2014,3,Jeongnim-Dong,11.0,64.0,24.451612903225808
2014,3,Jungang-Way,27.0,76.0,43.064516129032256
2014,3,Juwol-Dong,14.0,72.0,39.0
2014,3,Nowon-Gu,7.0,71.0,32.903225806451616
2014,3,Pado-Ri,7.0,69.0,31.483870967741936
2014,3,Seolseong-Myeon,10.0,73.0,42.806451612903224
2014,4,Bangsan-Myeon,39.0,100.0,61.86666666666667
2014,4,Geumchon-Dong,30.0,77.0,48.53333333333333
2014,4,Gwanak-Gu,10.0,62.0,36.43333333333333
2014,4,Jeongnim-Dong,8.0,40.0,25.966666666666665
2014,4,Jungang-Way,29.0,78.0,48.166666666666664
2014,4,Juwol-Dong,30.0,85.0,48.93333333333333
2014,4,Nowon-Gu,15.0,88.0,49.766666666666666
2014,4,Pado-Ri,4.0,64.0,20.4
2014,4,Seolseong-Myeon,30.0,77.0,50.2
2014,5,Bangsan-Myeon,38.0,119.0,66.41935483870968
2014,5,Geumchon-Dong,31.0,118.0,62.13333333333333
2014,5,Gwanak-Gu,31.0,105.0,49.03225806451613
2014,5,Jeongnim-Dong,19.0,110.0,56.87096774193548
2014,5,Jungang-Way,24.0,142.0,65.3
2014,5,Juwol-Dong,39.0,93.0,57.193548387096776
2014,5,Nowon-Gu,9.0,112.0,65.12903225806451
2014,5,Pado-Ri,5.0,119.0,45.935483870967744
2014,5,Seolseong-Myeon,28.0,104.0,58.225806451612904
2014,6,Bangsan-Myeon,23.0,65.0,39.96666666666667
2014,6,Geumchon-Dong,27.0,98.0,51.6
2014,6,Gwanak-Gu,17.0,80.0,45.2
2014,6,Jeongnim-Dong,26.0,79.0,45.766666666666666
2014,6,Jungang-Way,32.0,89.0,52.53333333333333
2014,6,Juwol-Dong,27.0,80.0,46.5
2014,6,Nowon-Gu,29.0,97.0,56.6
2014,6,Pado-Ri,26.0,80.0,47.733333333333334
2014,6,Seolseong-Myeon,21.0,79.0,47.0
2014,7,Bangsan-Myeon,19.0,83.0,40.903225806451616
2014,7,Geumchon-Dong,9.0,105.0,52.45161290322581
2014,7,Gwanak-Gu,10.0,75.0,37.193548387096776
2014,7,Jeongnim-Dong,8.0,75.0,38.516129032258064
2014,7,Jungang-Way,23.0,91.0,48.806451612903224
2014,7,Juwol-Dong,9.0,61.0,32.32258064516129
2014,7,Nowon-Gu,7.0,71.0,39.03225806451613
2014,7,Pado-Ri,19.0,107.0,51.096774193548384
2014,7,Seolseong-Myeon,12.0,82.0,43.31578947368421
2014,8,Bangsan-Myeon,7.0,48.0,30.451612903225808
2014,8,Geumchon-Dong,12.0,64.0,39.70967741935484
2014,8,Gwanak-Gu,4.0,65.0,31.419354838709676
2014,8,Jeongnim-Dong,9.0,62.0,30.451612903225808
2014,8,Jungang-Way,16.0,78.0,37.25806451612903
2014,8,Juwol-Dong,12.0,50.0,30.032258064516128
2014,8,Nowon-Gu,11.0,55.0,31.0
2014,8,Pado-Ri,22.0,81.0,43.56666666666667
2014,8,Seolseong-Myeon,9.0,89.0,35.16129032258065
2014,9,Bangsan-Myeon,23.0,57.0,39.666666666666664
2014,9,Geumchon-Dong,24.0,58.0,39.266666666666666
2014,9,Gwanak-Gu,8.0,49.0,28.266666666666666
2014,9,Jeongnim-Dong,21.0,81.0,43.96666666666667
2014,9,Jungang-Way,18.0,56.0,33.56666666666667
2014,9,Juwol-Dong,16.0,57.0,37.96666666666667
2014,9,Nowon-Gu,13.0,59.0,34.93333333333333
2014,9,Pado-Ri,32.0,89.0,56.37931034482759
2014,9,Seolseong-Myeon,16.0,78.0,36.6
2014,10,Bangsan-Myeon,27.0,54.0,40.354838709677416
2014,10,Geumchon-Dong,13.0,54.0,29.903225806451612
2014,10,Gwanak-Gu,4.0,29.0,18.096774193548388
2014,10,Jeongnim-Dong,8.0,44.0,30.903225806451612
2014,10,Jungang-Way,7.0,34.0,25.193548387096776
2014,10,Juwol-Dong,12.0,49.0,26.6
2014,10,Nowon-Gu,10.0,37.0,23.06451612903226
2014,10,Pado-Ri,18.0,96.0,48.774193548387096
2014,10,Seolseong-Myeon,13.0,42.0,26.677419354838708
2014,11,Bangsan-Myeon,23.0,45.0,34.03333333333333
2014,11,Geumchon-Dong,4.0,38.0,20.466666666666665
2014,11,Gwanak-Gu,2.0,27.0,12.933333333333334
2014,11,Jeongnim-Dong,4.0,30.0,17.4
2014,11,Jungang-Way,7.0,31.0,20.166666666666668
2014,11,Juwol-Dong,9.0,32.0,21.066666666666666
2014,11,Nowon-Gu,6.0,32.0,18.9
2014,11,Pado-Ri,23.0,57.0,38.63333333333333
2014,11,Seolseong-Myeon,1.0,31.0,20.2
2014,12,Bangsan-Myeon,16.0,37.0,30.22222222222222
2014,12,Geumchon-Dong,2.0,24.0,15.25925925925926
2014,12,Gwanak-Gu,2.0,15.0,9.357142857142858
2014,12,Jeongnim-Dong,4.0,21.0,13.25925925925926
2014,12,Jungang-Way,3.0,23.0,16.11111111111111
2014,12,Juwol-Dong,2.0,23.0,15.925925925925926
2014,12,Nowon-Gu,2.0,32.0,15.6875
2014,12,Pado-Ri,11.0,35.0,28.88888888888889
2014,12,Seolseong-Myeon,3.0,23.0,15.148148148148149
2015,1,Bangsan-Myeon,21.0,42.0,33.208333333333336
2015,1,Geumchon-Dong,8.0,28.0,20.0
2015,1,Gwanak-Gu,3.0,17.0,10.612903225806452
2015,1,Jeongnim-Dong,4.0,22.0,14.208333333333334
2015,1,Jungang-Way,9.0,26.0,18.75
2015,1,Juwol-Dong,1.0,24.0,15.958333333333334
2015,1,Nowon-Gu,5.0,31.0,17.161290322580644
2015,1,Pado-Ri,12.0,34.0,27.875
2015,1,Seolseong-Myeon,8.0,28.0,19.041666666666668
2015,2,Bangsan-Myeon,32.0,59.0,38.25
2015,2,Geumchon-Dong,7.0,47.0,28.321428571428573
2015,2,Gwanak-Gu,7.0,26.0,16.535714285714285
2015,2,Jeongnim-Dong,10.0,29.0,22.071428571428573
2015,2,Jungang-Way,14.0,40.0,24.785714285714285
2015,2,Juwol-Dong,11.0,37.0,24.107142857142858
2015,2,Nowon-Gu,9.0,38.0,24.571428571428573
2015,2,Pado-Ri,25.0,40.0,32.25
2015,2,Seolseong-Myeon,14.0,40.0,26.75
2015,3,Bangsan-Myeon,38.0,84.0,50.774193548387096
2015,3,Geumchon-Dong,16.0,66.0,39.83870967741935
2015,3,Gwanak-Gu,9.0,45.0,24.741935483870968
2015,3,Jeongnim-Dong,18.0,50.0,30.0
2015,3,Jungang-Way,17.0,65.0,35.16129032258065
2015,3,Juwol-Dong,10.0,60.0,32.516129032258064
2015,3,Nowon-Gu,12.0,42.0,29.419354838709676
2015,3,Pado-Ri,24.0,78.0,45.8
2015,3,Seolseong-Myeon,26.0,68.0,38.87096774193548
2015,4,Bangsan-Myeon,39.0,112.0,59.833333333333336
2015,4,Geumchon-Dong,32.0,90.0,52.6
2015,4,Gwanak-Gu,20.0,69.0,39.53333333333333
2015,4,Jeongnim-Dong,9.0,72.0,34.13333333333333
2015,4,Jungang-Way,12.0,84.0,43.233333333333334
2015,4,Juwol-Dong,11.0,81.0,39.233333333333334
2015,4,Nowon-Gu,20.0,41.0,30.466666666666665
2015,4,Pado-Ri,30.0,101.0,55.7
2015,4,Seolseong-Myeon,20.0,78.0,43.56666666666667
2015,5,Bangsan-Myeon,24.0,97.0,58.54838709677419
2015,5,Geumchon-Dong,39.0,88.0,58.54838709677419
2015,5,Gwanak-Gu,17.0,64.0,47.096774193548384
2015,5,Jeongnim-Dong,23.0,85.0,44.87096774193548
2015,5,Jungang-Way,27.0,118.0,63.54838709677419
2015,5,Juwol-Dong,23.0,83.0,49.38709677419355
2015,5,Nowon-Gu,19.0,48.0,32.67741935483871
2015,5,Pado-Ri,39.0,84.0,54.96774193548387
2015,5,Seolseong-Myeon,23.0,105.0,58.67741935483871
2015,6,Bangsan-Myeon,28.0,81.0,48.03333333333333
2015,6,Geumchon-Dong,40.0,103.0,67.9
2015,6,Gwanak-Gu,33.0,91.0,57.0
2015,6,Jeongnim-Dong,25.0,67.0,45.2
2015,6,Jungang-Way,40.0,99.0,62.766666666666666
2015,6,Juwol-Dong,30.0,73.0,46.666666666666664
2015,6,Nowon-Gu,20.0,51.0,34.43333333333333
2015,6,Pado-Ri,26.0,101.0,61.5
2015,6,Seolseong-Myeon,29.0,82.0,57.833333333333336
2015,7,Bangsan-Myeon,9.0,51.0,29.096774193548388
2015,7,Geumchon-Dong,15.0,91.0,48.516129032258064
2015,7,Gwanak-Gu,10.0,66.0,36.29032258064516
2015,7,Jeongnim-Dong,11.0,79.0,35.193548387096776
2015,7,Jungang-Way,16.0,98.0,39.774193548387096
2015,7,Juwol-Dong,15.0,51.0,34.16129032258065
2015,7,Nowon-Gu,10.0,41.0,24.903225806451612
2015,7,Pado-Ri,18.0,113.0,50.806451612903224
2015,7,Seolseong-Myeon,11.0,74.0,38.935483870967744
2015,8,Bangsan-Myeon,24.0,54.0,37.41935483870968
2015,8,Geumchon-Dong,20.0,84.0,44.354838709677416
2015,8,Gwanak-Gu,6.0,57.0,35.87096774193548
2015,8,Jeongnim-Dong,21.0,80.0,42.354838709677416
2015,8,Jungang-Way,23.0,69.0,43.61290322580645
2015,8,Juwol-Dong,17.0,47.0,31.838709677419356
2015,8,Nowon-Gu,17.0,63.0,34.266666666666666
2015,8,Pado-Ri,19.0,69.0,44.03225806451613
2015,8,Seolseong-Myeon,16.0,65.0,39.774193548387096
2015,9,Bangsan-Myeon,20.0,48.0,33.4
2015,9,Geumchon-Dong,20.0,54.0,36.36666666666667
2015,9,Gwanak-Gu,18.0,47.0,27.933333333333334
2015,9,Jeongnim-Dong,4.0,34.0,22.391304347826086
2015,9,Jungang-Way,20.0,52.0,34.63333333333333
2015,9,Juwol-Dong,18.0,55.0,33.0
2015,9,Nowon-Gu,17.0,61.0,35.25
2015,9,Pado-Ri,28.0,81.0,45.17857142857143
2015,9,Seolseong-Myeon,16.0,48.0,34.266666666666666
2015,10,Bangsan-Myeon,1.0,69.0,33.96774193548387
2015,10,Geumchon-Dong,12.0,59.0,31.451612903225808
2015,10,Gwanak-Gu,4.0,52.0,23.06451612903226
2015,10,Jeongnim-Dong,5.0,35.0,21.903225806451612
2015,10,Jungang-Way,11.0,54.0,30.322580645161292
2015,10,Juwol-Dong,10.0,47.0,29.941176470588236
2015,10,Nowon-Gu,11.0,55.0,29.838709677419356
2015,10,Pado-Ri,31.0,79.0,47.83870967741935
2015,10,Seolseong-Myeon,8.0,58.0,35.16129032258065
2015,11,Bangsan-Myeon,12.0,39.0,25.535714285714285
2015,11,Geumchon-Dong,8.0,36.0,21.06896551724138
2015,11,Gwanak-Gu,2.0,24.0,12.766666666666667
2015,11,Jeongnim-Dong,1.0,24.0,10.551724137931034
2015,11,Jungang-Way,4.0,30.0,20.533333333333335
2015,11,Juwol-Dong,5.0,30.0,15.9
2015,11,Nowon-Gu,7.0,29.0,18.266666666666666
2015,11,Pado-Ri,17.0,65.0,32.7037037037037
2015,11,Seolseong-Myeon,1.0,33.0,17.933333333333334
2015,12,Bangsan-Myeon,6.0,31.0,20.77777777777778
2015,12,Geumchon-Dong,3.0,26.0,16.037037037037038
2015,12,Gwanak-Gu,1.0,18.0,10.10344827586207
2015,12,Jeongnim-Dong,1.0,26.0,12.384615384615385
2015,12,Jungang-Way,1.0,28.0,14.407407407407407
2015,12,Juwol-Dong,3.0,21.0,12.962962962962964
2015,12,Nowon-Gu,2.0,24.0,13.03448275862069
2015,12,Pado-Ri,6.0,37.0,27.925925925925927
2015,12,Seolseong-Myeon,1.0,30.0,15.0
2016,1,Bangsan-Myeon,23.0,31.0,27.517241379310345
2016,1,Geumchon-Dong,9.0,29.0,20.724137931034484
2016,1,Gwanak-Gu,2.0,24.0,14.724137931034482
2016,1,Jeongnim-Dong,6.0,25.0,18.178571428571427
2016,1,Jungang-Way,6.0,30.0,21.137931034482758
2016,1,Juwol-Dong,12.0,27.0,18.75862068965517
2016,1,Nowon-Gu,5.0,26.0,17.96551724137931
2016,1,Pado-Ri,20.0,39.0,29.75862068965517
2016,1,Seolseong-Myeon,5.0,30.0,18.310344827586206
2016,2,Bangsan-Myeon,11.0,38.0,25.862068965517242
2016,2,Geumchon-Dong,9.0,37.0,25.82758620689655
2016,2,Gwanak-Gu,8.0,35.0,21.724137931034484
2016,2,Jeongnim-Dong,1.0,47.0,25.275862068965516
2016,2,Jungang-Way,4.0,33.0,25.586206896551722
2016,2,Juwol-Dong,21.0,45.0,29.482758620689655
2016,2,Nowon-Gu,4.0,34.0,24.724137931034484
2016,2,Pado-Ri,25.0,52.0,38.275862068965516
2016,2,Seolseong-Myeon,14.0,38.0,28.896551724137932
2016,3,Bangsan-Myeon,24.0,86.0,47.16129032258065
2016,3,Geumchon-Dong,16.0,63.0,36.83870967741935
2016,3,Gwanak-Gu,5.0,64.0,32.0
2016,3,Jeongnim-Dong,5.0,62.0,34.774193548387096
2016,3,Jungang-Way,12.0,66.0,36.806451612903224
2016,3,Juwol-Dong,21.0,60.0,36.54838709677419
2016,3,Nowon-Gu,15.0,55.0,34.354838709677416
2016,3,Pado-Ri,22.0,80.0,45.2
2016,3,Seolseong-Myeon,12.0,65.0,42.16129032258065
2016,4,Bangsan-Myeon,33.0,88.0,50.666666666666664
2016,4,Geumchon-Dong,29.0,84.0,45.36666666666667
2016,4,Gwanak-Gu,23.0,76.0,42.4
2016,4,Jeongnim-Dong,21.0,87.0,46.86666666666667
2016,4,Jungang-Way,16.0,92.0,47.13333333333333
2016,4,Juwol-Dong,27.0,63.0,40.63333333333333
2016,4,Nowon-Gu,13.0,78.0,44.4
2016,4,Pado-Ri,36.0,93.0,52.56666666666667
2016,4,Seolseong-Myeon,24.0,89.0,48.0
2016,5,Bangsan-Myeon,31.0,82.0,48.806451612903224
2016,5,Geumchon-Dong,32.0,99.0,59.516129032258064
2016,5,Gwanak-Gu,32.0,93.0,56.516129032258064
2016,5,Jeongnim-Dong,37.0,84.0,58.38709677419355
2016,5,Jungang-Way,33.0,85.0,55.41935483870968
2016,5,Juwol-Dong,20.0,70.0,46.25806451612903
2016,5,Nowon-Gu,26.0,83.0,55.58064516129032
2016,5,Pado-Ri,44.0,116.0,70.61290322580645
2016,5,Seolseong-Myeon,35.0,90.0,60.903225806451616
2016,6,Bangsan-Myeon,26.0,73.0,42.3
2016,6,Geumchon-Dong,29.0,98.0,54.93333333333333
2016,6,Gwanak-Gu,28.0,95.0,56.166666666666664
2016,6,Jeongnim-Dong,21.0,74.0,48.6
2016,6,Jungang-Way,24.0,99.0,55.3
2016,6,Juwol-Dong,17.0,55.0,37.6
2016,6,Nowon-Gu,20.0,94.0,51.333333333333336
2016,6,Pado-Ri,32.0,89.0,55.48275862068966
2016,6,Seolseong-Myeon,20.0,111.0,59.5
2016,7,Bangsan-Myeon,19.0,93.0,39.61290322580645
2016,7,Geumchon-Dong,19.0,77.0,37.70967741935484
2016,7,Gwanak-Gu,11.0,67.0,36.903225806451616
2016,7,Jeongnim-Dong,14.0,72.0,36.38709677419355
2016,7,Jungang-Way,12.0,84.0,39.54838709677419
2016,7,Juwol-Dong,11.0,67.0,32.83870967741935
2016,7,Nowon-Gu,15.0,79.0,40.29032258064516
2016,7,Pado-Ri,17.0,97.0,39.87096774193548
2016,7,Seolseong-Myeon,16.0,81.0,39.96774193548387
2016,8,Bangsan-Myeon,24.0,93.0,36.516129032258064
2016,8,Geumchon-Dong,18.0,100.0,49.96153846153846
2016,8,Gwanak-Gu,16.0,117.0,57.45161290322581
2016,8,Jeongnim-Dong,23.0,83.0,51.0
2016,8,Jungang-Way,15.0,84.0,43.096774193548384
2016,8,Juwol-Dong,23.0,96.0,47.74193548387097
2016,8,Nowon-Gu,19.0,99.0,51.096774193548384
2016,8,Pado-Ri,16.0,98.0,46.225806451612904
2016,8,Seolseong-Myeon,23.0,102.0,62.193548387096776
2016,9,Bangsan-Myeon,28.0,76.0,47.166666666666664
2016,9,Geumchon-Dong,14.0,85.0,40.266666666666666
2016,9,Gwanak-Gu,10.0,78.0,42.9
2016,9,Jeongnim-Dong,5.0,52.0,33.36666666666667
2016,9,Jungang-Way,17.0,50.0,34.06666666666667
2016,9,Juwol-Dong,6.0,52.0,29.733333333333334
2016,9,Nowon-Gu,14.0,72.0,38.2
2016,9,Pado-Ri,28.0,91.0,54.43333333333333
2016,9,Seolseong-Myeon,13.0,71.0,39.53333333333333
2016,10,Bangsan-Myeon,22.0,52.0,36.935483870967744
2016,10,Geumchon-Dong,12.0,47.0,27.967741935483872
2016,10,Gwanak-Gu,13.0,42.0,26.612903225806452
2016,10,Jeongnim-Dong,7.0,39.0,24.387096774193548
2016,10,Jungang-Way,7.0,35.0,24.70967741935484
2016,10,Juwol-Dong,6.0,38.0,22.322580645161292
2016,10,Nowon-Gu,12.0,37.0,25.142857142857142
2016,10,Pado-Ri,24.0,66.0,40.03225806451613
2016,10,Seolseong-Myeon,4.0,46.0,26.612903225806452
2016,11,Bangsan-Myeon,15.0,55.0,32.53333333333333
2016,11,Geumchon-Dong,3.0,45.0,19.833333333333332
2016,11,Gwanak-Gu,3.0,54.0,18.566666666666666
2016,11,Jeongnim-Dong,3.0,43.0,17.896551724137932
2016,11,Jungang-Way,3.0,30.0,17.285714285714285
2016,11,Juwol-Dong,1.0,36.0,20.6
2016,11,Nowon-Gu,1.0,35.0,17.88888888888889
2016,11,Pado-Ri,27.0,85.0,37.44827586206897
2016,11,Seolseong-Myeon,4.0,46.0,20.966666666666665
2016,12,Bangsan-Myeon,11.0,32.0,23.322580645161292
2016,12,Geumchon-Dong,4.0,24.0,14.387096774193548
2016,12,Gwanak-Gu,3.0,20.0,11.290322580645162
2016,12,Jeongnim-Dong,2.0,33.0,15.225806451612904
2016,12,Jungang-Way,2.0,28.0,13.935483870967742
2016,12,Juwol-Dong,2.0,28.0,16.387096774193548
2016,12,Nowon-Gu,1.0,25.0,13.23076923076923
2016,12,Pado-Ri,13.0,44.0,29.580645161290324
2016,12,Seolseong-Myeon,2.0,32.0,15.096774193548388
2017,1,Bangsan-Myeon,18.0,33.0,25.677419354838708
2017,1,Geumchon-Dong,6.0,29.0,20.93548387096774
2017,1,Gwanak-Gu,4.0,25.0,16.129032258064516
2017,1,Jeongnim-Dong,3.0,32.0,19.838709677419356
2017,1,Jungang-Way,8.0,35.0,21.93548387096774
2017,1,Juwol-Dong,7.0,31.0,22.451612903225808
2017,1,Nowon-Gu,4.0,32.0,19.93548387096774
2017,1,Pado-Ri,18.0,45.0,32.87096774193548
2017,1,Seolseong-Myeon,4.0,37.0,22.193548387096776
2017,2,Bangsan-Myeon,25.0,57.0,35.67857142857143
2017,2,Geumchon-Dong,12.0,38.0,26.714285714285715
2017,2,Gwanak-Gu,3.0,37.0,21.321428571428573
2017,2,Jeongnim-Dong,3.0,38.0,27.392857142857142
2017,2,Jungang-Way,11.0,39.0,27.607142857142858
2017,2,Juwol-Dong,18.0,41.0,30.357142857142858
2017,2,Nowon-Gu,7.0,35.0,25.142857142857142
2017,2,Pado-Ri,28.0,54.0,39.25
2017,2,Seolseong-Myeon,15.0,45.0,31.142857142857142
2017,3,Bangsan-Myeon,37.0,74.0,47.74193548387097
2017,3,Geumchon-Dong,26.0,54.0,39.03225806451613
2017,3,Gwanak-Gu,9.0,49.0,33.516129032258064
2017,3,Jeongnim-Dong,31.0,59.0,39.354838709677416
2017,3,Jungang-Way,16.0,56.0,38.16129032258065
2017,3,Juwol-Dong,27.0,54.0,37.774193548387096
2017,3,Nowon-Gu,22.0,54.0,38.903225806451616
2017,3,Pado-Ri,39.0,69.0,46.666666666666664
2017,3,Seolseong-Myeon,31.0,82.0,45.96774193548387
2017,4,Bangsan-Myeon,41.0,94.0,56.06666666666667
2017,4,Geumchon-Dong,32.0,103.0,51.3
2017,4,Gwanak-Gu,22.0,90.0,48.333333333333336
2017,4,Jeongnim-Dong,24.0,92.0,49.53333333333333
2017,4,Jungang-Way,28.0,100.0,49.2
2017,4,Juwol-Dong,29.0,84.0,47.36666666666667
2017,4,Nowon-Gu,28.0,97.0,49.666666666666664
2017,4,Pado-Ri,34.0,96.0,55.666666666666664
2017,4,Seolseong-Myeon,33.0,95.0,56.56666666666667
2017,5,Bangsan-Myeon,8.0,85.0,35.225806451612904
2017,5,Geumchon-Dong,31.0,110.0,58.70967741935484
2017,5,Gwanak-Gu,32.0,101.0,53.193548387096776
2017,5,Jeongnim-Dong,38.0,87.0,56.16129032258065
2017,5,Jungang-Way,36.0,114.0,62.225806451612904
2017,5,Juwol-Dong,29.0,68.0,46.29032258064516
2017,5,Nowon-Gu,30.0,116.0,57.41935483870968
2017,5,Pado-Ri,35.0,79.0,53.83870967741935
2017,5,Seolseong-Myeon,22.0,97.0,63.87096774193548
2017,6,Bangsan-Myeon,23.0,91.0,51.8
2017,6,Geumchon-Dong,30.0,93.0,51.13333333333333
2017,6,Gwanak-Gu,21.0,94.0,54.5
2017,6,Jeongnim-Dong,25.0,100.0,58.86666666666667
2017,6,Jungang-Way,35.0,113.0,65.7
2017,6,Juwol-Dong,24.0,75.0,48.766666666666666
2017,6,Nowon-Gu,32.0,126.0,66.66666666666667
2017,6,Pado-Ri,28.0,80.0,47.6
2017,6,Seolseong-Myeon,28.0,108.0,67.16666666666667
2017,7,Bangsan-Myeon,23.0,68.0,34.625
2017,7,Geumchon-Dong,11.0,94.0,40.81818181818182
2017,7,Gwanak-Gu,8.0,84.0,35.416666666666664
2017,7,Jeongnim-Dong,14.0,51.0,29.375
2017,7,Jungang-Way,23.0,68.0,39.72727272727273
2017,7,Juwol-Dong,15.0,42.0,25.25
2017,7,Nowon-Gu,21.0,98.0,45.25
2017,7,Pado-Ri,22.0,46.0,35.375
2017,7,Seolseong-Myeon,18.0,64.0,34.25
2017,8,Geumchon-Dong,24.0,24.0,24.0
2017,8,Gwanak-Gu,17.0,28.0,23.5
2017,8,Jungang-Way,13.0,72.0,41.6
2017,8,Pado-Ri,56.0,100.0,68.5
2017,8,Seolseong-Myeon,19.0,78.0,51.75
2017,9,Bangsan-Myeon,18.0,41.0,31.5
2017,9,Geumchon-Dong,18.0,63.0,33.75
2017,9,Gwanak-Gu,15.0,54.0,34.333333333333336
2017,9,Jeongnim-Dong,23.0,47.0,35.0
2017,9,Jungang-Way,22.0,47.0,34.375
2017,9,Juwol-Dong,24.0,70.0,36.75
2017,9,Nowon-Gu,23.0,75.0,43.333333333333336
2017,9,Pado-Ri,32.0,56.0,45.57142857142857
2017,9,Paju,27.0,59.0,42.125
2017,9,Seolseong-Myeon,13.0,50.0,35.625
2017,10,Bangsan-Myeon,19.0,37.0,30.967741935483872
2017,10,Geumchon-Dong,16.0,38.0,27.419354838709676
2017,10,Gwanak-Gu,10.0,37.0,23.225806451612904
2017,10,Jeongnim-Dong,12.0,36.0,27.548387096774192
2017,10,Jungang-Way,17.0,37.0,28.096774193548388
2017,10,Juwol-Dong,19.0,36.0,27.096774193548388
2017,10,Nowon-Gu,13.0,41.0,30.161290322580644
2017,10,Pado-Ri,,,
2017,10,Paju,20.0,49.0,36.03225806451613
2017,10,Seolseong-Myeon,10.0,46.0,31.06451612903226
2017,11,Bangsan-Myeon,10.0,38.0,26.633333333333333
2017,11,Geumchon-Dong,2.0,34.0,19.620689655172413
2017,11,Gwanak-Gu,2.0,31.0,14.931034482758621
2017,11,Jeongnim-Dong,4.0,41.0,21.633333333333333
2017,11,Jungang-Way,1.0,36.0,20.833333333333332
2017,11,Juwol-Dong,1.0,35.0,20.1
2017,11,Nowon-Gu,1.0,36.0,18.466666666666665
2017,11,Paju,9.0,46.0,27.2
2017,11,Seolseong-Myeon,1.0,40.0,23.066666666666666
2017,12,Bangsan-Myeon,18.0,30.0,24.677419354838708
2017,12,Geumchon-Dong,2.0,29.0,16.741935483870968
2017,12,Gwanak-Gu,2.0,17.0,10.96774193548387
2017,12,Jeongnim-Dong,4.0,27.0,19.096774193548388
2017,12,Jungang-Way,2.0,26.0,17.096774193548388
2017,12,Juwol-Dong,6.0,28.0,17.806451612903224
2017,12,Nowon-Gu,2.0,26.0,15.483870967741936
2017,12,Pado-Ri,24.0,40.0,33.0
2017,12,Paju,13.0,32.0,23.612903225806452
2017,12,Seolseong-Myeon,2.0,27.0,16.483870967741936
2018,1,Bangsan-Myeon,20.0,35.0,28.032258064516128
2018,1,Geumchon-Dong,7.0,32.0,24.06451612903226
2018,1,Gwanak-Gu,2.0,23.0,14.612903225806452
2018,1,Jeongnim-Dong,4.0,33.0,19.64516129032258
2018,1,Jungang-Way,9.0,31.0,20.612903225806452
2018,1,Juwol-Dong,4.0,29.0,19.741935483870968
2018,1,Nowon-Gu,4.0,30.0,20.193548387096776
2018,1,Pado-Ri,28.0,49.0,36.645161290322584
2018,1,Paju,18.0,39.0,30.0
2018,1,Seolseong-Myeon,8.0,41.0,22.193548387096776
2018,2,Bangsan-Myeon,19.0,41.0,32.714285714285715
2018,2,Geumchon-Dong,2.0,33.0,24.142857142857142
2018,2,Gwanak-Gu,5.0,33.0,20.285714285714285
2018,2,Jeongnim-Dong,2.0,38.0,26.035714285714285
2018,2,Jungang-Way,4.0,41.0,28.642857142857142
2018,2,Juwol-Dong,4.0,36.0,26.857142857142858
2018,2,Nowon-Gu,2.0,38.0,26.035714285714285
2018,2,Pado-Ri,31.0,54.0,42.03703703703704
2018,2,Paju,24.0,42.0,34.32142857142857
2018,2,Sangjusi,36.0,41.0,38.0
2018,2,Seolseong-Myeon,6.0,43.0,30.535714285714285
2018,2,Seonggeoeup,15.0,38.0,30.0
2018,3,Bangsan-Myeon,26.0,64.0,41.93333333333333
2018,3,Geumchon-Dong,21.0,56.0,34.25806451612903
2018,3,Gwanak-Gu,9.0,66.0,31.433333333333334
2018,3,Jeongnim-Dong,16.0,63.0,38.38709677419355
2018,3,Jungang-Way,23.0,60.0,37.774193548387096
2018,3,Juwol-Dong,20.0,55.0,35.16129032258065
2018,3,Nowon-Gu,19.0,52.0,35.16129032258065
2018,3,Pado-Ri,34.0,92.0,52.903225806451616
2018,3,Paju,27.0,71.0,45.13333333333333
2018,3,Sangjusi,15.0,80.0,42.645161290322584
2018,3,Seolseong-Myeon,26.0,86.0,47.03225806451613
2018,3,Seonggeoeup,25.0,72.0,39.45161290322581
2018,4,Bangsan-Myeon,21.0,91.0,48.56666666666667
2018,4,Geumchon-Dong,23.0,89.0,42.8
2018,4,Gwanak-Gu,21.0,74.0,39.766666666666666
2018,4,Jeongnim-Dong,24.0,92.0,49.46666666666667
2018,4,Jungang-Way,26.0,82.0,46.1
2018,4,Juwol-Dong,19.0,61.0,36.6
2018,4,Nowon-Gu,24.0,68.0,40.03333333333333
2018,4,Pado-Ri,30.0,80.0,54.0
2018,4,Paju,34.0,114.0,55.86666666666667
2018,4,Sangjusi,22.0,94.0,47.96666666666667
2018,4,Seolseong-Myeon,29.0,94.0,50.96666666666667
2018,4,Seonggeoeup,24.0,103.0,50.3
2018,5,Bangsan-Myeon,20.0,87.0,47.41935483870968
2018,5,Geumchon-Dong,12.0,86.0,45.70967741935484
2018,5,Gwanak-Gu,5.0,89.0,39.96666666666667
2018,5,Jeongnim-Dong,21.0,109.0,55.16129032258065
2018,5,Jungang-Way,25.0,96.0,51.16129032258065
2018,5,Juwol-Dong,20.0,81.0,41.58064516129032
2018,5,Nowon-Gu,9.0,95.0,39.225806451612904
2018,5,Pado-Ri,20.0,90.0,57.193548387096776
2018,5,Paju,23.0,85.0,51.193548387096776
2018,5,Sangjusi,17.0,99.0,53.12903225806452
2018,5,Seolseong-Myeon,21.0,109.0,51.0
2018,5,Seonggeoeup,21.0,118.0,58.67741935483871
2018,6,Bangsan-Myeon,22.0,89.0,45.46666666666667
2018,6,Geumchon-Dong,19.0,72.0,45.333333333333336
2018,6,Gwanak-Gu,6.0,95.0,44.13793103448276
2018,6,Jeongnim-Dong,24.0,87.0,54.666666666666664
2018,6,Jungang-Way,24.0,108.0,59.46666666666667
2018,6,Juwol-Dong,22.0,73.0,41.766666666666666
2018,6,Nowon-Gu,16.0,78.0,42.36666666666667
2018,6,Pado-Ri,23.0,86.0,52.96666666666667
2018,6,Paju,21.0,70.0,46.36666666666667
2018,6,Sangjusi,28.0,96.0,52.9
2018,6,Seolseong-Myeon,26.0,94.0,60.96666666666667
2018,6,Seonggeoeup,30.0,109.0,62.93333333333333
2018,7,Bangsan-Myeon,5.0,44.0,24.29032258064516
2018,7,Geumchon-Dong,5.0,92.0,29.258064516129032
2018,7,Gwanak-Gu,7.0,96.0,38.903225806451616
2018,7,Jeongnim-Dong,13.0,107.0,38.45161290322581
2018,7,Jungang-Way,12.0,101.0,40.32258064516129
2018,7,Juwol-Dong,12.0,49.0,27.161290322580644
2018,7,Nowon-Gu,6.0,84.0,34.41935483870968
2018,7,Pado-Ri,12.0,128.0,37.45161290322581
2018,7,Paju,7.0,61.0,23.032258064516128
2018,7,Sangjusi,12.0,83.0,42.32258064516129
2018,7,Seolseong-Myeon,9.0,83.0,36.0
2018,7,Seonggeoeup,8.0,110.0,43.45161290322581
2018,8,Bangsan-Myeon,15.0,59.0,28.870967741935484
2018,8,Geumchon-Dong,11.0,101.0,37.5
2018,8,Gwanak-Gu,15.0,94.0,38.41935483870968
2018,8,Jeongnim-Dong,12.0,72.0,37.806451612903224
2018,8,Jungang-Way,14.0,65.0,36.32258064516129
2018,8,Juwol-Dong,8.0,48.0,29.258064516129032
2018,8,Nowon-Gu,8.0,102.0,35.41935483870968
2018,8,Pado-Ri,15.0,97.0,38.87096774193548
2018,8,Paju,19.0,88.0,35.96774193548387
2018,8,Sangjusi,22.0,75.0,42.483870967741936
2018,8,Seolseong-Myeon,14.0,77.0,39.61290322580645
2018,8,Seonggeoeup,8.0,75.0,42.74193548387097
2018,9,Bangsan-Myeon,19.0,46.0,29.133333333333333
2018,9,Geumchon-Dong,17.0,50.0,30.724137931034484
2018,9,Gwanak-Gu,16.0,60.0,32.13333333333333
2018,9,Jeongnim-Dong,13.0,56.0,28.1
2018,9,Jungang-Way,12.0,54.0,31.633333333333333
2018,9,Juwol-Dong,17.0,45.0,32.06666666666667
2018,9,Nowon-Gu,9.0,38.0,27.033333333333335
2018,9,Pado-Ri,23.0,56.0,34.833333333333336
2018,9,Paju,23.0,59.0,34.56666666666667
2018,9,Sangjusi,17.0,65.0,35.93333333333333
2018,9,Seolseong-Myeon,16.0,70.0,36.5
2018,9,Seonggeoeup,5.0,63.0,26.133333333333333
2018,10,Bangsan-Myeon,20.0,42.0,29.70967741935484
2018,10,Geumchon-Dong,15.0,49.0,26.387096774193548
2018,10,Gwanak-Gu,14.0,37.0,23.741935483870968
2018,10,Jeongnim-Dong,14.0,45.0,28.387096774193548
2018,10,Jungang-Way,16.0,37.0,25.419354838709676
2018,10,Juwol-Dong,15.0,51.0,28.612903225806452
2018,10,Nowon-Gu,15.0,57.0,28.64516129032258
2018,10,Pado-Ri,23.0,69.0,39.38709677419355
2018,10,Paju,22.0,57.0,34.193548387096776
2018,10,Sangjusi,16.0,60.0,31.967741935483872
2018,10,Seolseong-Myeon,7.0,52.0,28.967741935483872
2018,10,Seonggeoeup,5.0,55.0,25.482758620689655
2018,11,Bangsan-Myeon,14.0,39.0,26.6
2018,11,Geumchon-Dong,7.0,32.0,19.166666666666668
2018,11,Gwanak-Gu,3.0,29.0,13.866666666666667
2018,11,Jeongnim-Dong,2.0,37.0,17.333333333333332
2018,11,Jungang-Way,6.0,37.0,17.433333333333334
2018,11,Juwol-Dong,8.0,37.0,20.166666666666668
2018,11,Nowon-Gu,4.0,30.0,14.933333333333334
2018,11,Pado-Ri,20.0,53.0,37.86666666666667
2018,11,Paju,18.0,43.0,30.866666666666667
2018,11,Sangjusi,6.0,40.0,22.766666666666666
2018,11,Seolseong-Myeon,2.0,44.0,24.366666666666667
2018,11,Seonggeoeup,2.0,39.0,21.966666666666665
2018,12,Bangsan-Myeon,10.0,33.0,23.96551724137931
2018,12,Geumchon-Dong,3.0,26.0,16.321428571428573
2018,12,Gwanak-Gu,3.0,25.0,14.466666666666667
2018,12,Jeongnim-Dong,1.0,28.0,16.357142857142858
2018,12,Jungang-Way,1.0,30.0,16.928571428571427
2018,12,Juwol-Dong,4.0,35.0,18.178571428571427
2018,12,Nowon-Gu,3.0,23.0,13.89655172413793
2018,12,Pado-Ri,21.0,38.0,29.5
2018,12,Paju,14.0,38.0,26.642857142857142
2018,12,Sangjusi,1.0,34.0,21.142857142857142
2018,12,Seolseong-Myeon,2.0,30.0,18.142857142857142
2018,12,Seonggeoeup,2.0,27.0,16.107142857142858
2019,1,Bangsan-Myeon,22.0,38.0,27.70967741935484
2019,1,Geumchon-Dong,6.0,29.0,18.838709677419356
2019,1,Gwanak-Gu,4.0,23.0,15.32258064516129
2019,1,Jeongnim-Dong,9.0,29.0,21.29032258064516
2019,1,Jungang-Way,9.0,29.0,21.06451612903226
2019,1,Juwol-Dong,7.0,32.0,23.903225806451612
2019,1,Nowon-Gu,3.0,22.0,14.96774193548387
2019,1,Pado-Ri,24.0,45.0,33.25806451612903
2019,1,Paju,16.0,41.0,29.419354838709676
2019,1,Sangjusi,15.0,34.0,26.93548387096774
2019,1,Seolseong-Myeon,7.0,35.0,22.06451612903226
2019,1,Seonggeoeup,10.0,35.0,23.419354838709676
2019,2,Bangsan-Myeon,26.0,43.0,33.392857142857146
2019,2,Geumchon-Dong,13.0,51.0,28.428571428571427
2019,2,Gwanak-Gu,7.0,40.0,22.428571428571427
2019,2,Jeongnim-Dong,4.0,46.0,27.821428571428573
2019,2,Jungang-Way,9.0,51.0,29.785714285714285
2019,2,Juwol-Dong,15.0,49.0,31.035714285714285
2019,2,Nowon-Gu,12.0,43.0,22.642857142857142
2019,2,Pado-Ri,26.0,49.0,35.714285714285715
2019,2,Paju,23.0,64.0,37.392857142857146
2019,2,Sangjusi,19.0,56.0,35.0
2019,2,Seolseong-Myeon,20.0,54.0,30.964285714285715
2019,2,Seonggeoeup,12.0,54.0,32.07142857142857
2019,3,Bangsan-Myeon,20.0,52.0,37.37931034482759
2019,3,Geumchon-Dong,24.0,51.0,34.96666666666667
2019,3,Gwanak-Gu,8.0,73.0,35.758620689655174
2019,3,Hwasun-Eup,9.0,45.0,32.666666666666664
2019,3,Jeongnim-Dong,16.0,60.0,38.0
2019,3,Jungang-Way,6.0,52.0,36.53333333333333
2019,3,Juwol-Dong,21.0,57.0,39.43333333333333
2019,3,Nowon-Gu,16.0,43.0,29.35483870967742
2019,3,Pado-Ri,34.0,54.0,40.36666666666667
2019,3,Paju,35.0,70.0,43.56666666666667
2019,3,Sangjusi,29.0,72.0,46.03333333333333
2019,3,Seolseong-Myeon,31.0,64.0,41.53333333333333
2019,3,Seonggeoeup,12.0,65.0,38.93333333333333
2019,4,Bangsan-Myeon,27.0,63.0,44.37931034482759
2019,4,Geumchon-Dong,28.0,56.0,41.8
2019,4,Gwanak-Gu,16.0,62.0,39.46666666666667
2019,4,Hwasun-Eup,19.0,62.0,37.166666666666664
2019,4,Jeongnim-Dong,19.0,52.0,39.86666666666667
2019,4,Jungang-Way,18.0,60.0,43.93333333333333
2019,4,Juwol-Dong,22.0,70.0,44.63333333333333
2019,4,Nowon-Gu,22.0,44.0,33.06666666666667
2019,4,Pado-Ri,32.0,66.0,42.43333333333333
2019,4,Paju,35.0,76.0,48.6
2019,4,Sangjusi,26.0,70.0,48.86666666666667
2019,4,Seolseong-Myeon,24.0,68.0,45.5
2019,4,Seonggeoeup,29.0,81.0,44.3
2019,5,Bangsan-Myeon,24.0,86.0,56.29032258064516
2019,5,Geumchon-Dong,30.0,135.0,62.87096774193548
2019,5,Gwanak-Gu,25.0,126.0,60.29032258064516
2019,5,Hwasun-Eup,27.0,106.0,51.806451612903224
2019,5,Jeongnim-Dong,31.0,119.0,62.87096774193548
2019,5,Jungang-Way,28.0,115.0,69.51612903225806
2019,5,Juwol-Dong,29.0,108.0,52.193548387096776
2019,5,Nowon-Gu,18.0,115.0,49.225806451612904
2019,5,Pado-Ri,30.0,123.0,62.12903225806452
2019,5,Paju,27.0,151.0,70.12903225806451
2019,5,Sangjusi,33.0,112.0,71.45161290322581
2019,5,Seolseong-Myeon,31.0,139.0,78.93548387096774
2019,5,Seonggeoeup,36.0,129.0,73.09677419354838
2019,6,Bangsan-Myeon,17.0,67.0,35.86206896551724
2019,6,Geumchon-Dong,30.0,79.0,47.03448275862069
2019,6,Gwanak-Gu,25.0,90.0,51.333333333333336
2019,6,Hwasun-Eup,23.0,69.0,39.689655172413794
2019,6,Jeongnim-Dong,27.0,91.0,50.758620689655174
2019,6,Jungang-Way,30.0,104.0,55.758620689655174
2019,6,Juwol-Dong,23.0,63.0,40.310344827586206
2019,6,Nowon-Gu,20.0,66.0,40.666666666666664
2019,6,Pado-Ri,31.0,63.0,43.310344827586206
2019,6,Paju,30.0,81.0,47.275862068965516
2019,6,Sangjusi,30.0,94.0,56.275862068965516
2019,6,Seolseong-Myeon,31.0,130.0,67.03448275862068
2019,6,Seonggeoeup,36.0,119.0,66.96551724137932
2019,7,Bangsan-Myeon,9.0,59.0,26.741935483870968
2019,7,Geumchon-Dong,13.0,68.0,36.32258064516129
2019,7,Gwanak-Gu,12.0,114.0,47.12903225806452
2019,7,Hwasun-Eup,10.0,70.0,27.516129032258064
2019,7,Jeongnim-Dong,12.0,70.0,33.903225806451616
2019,7,Jungang-Way,19.0,89.0,40.774193548387096
2019,7,Juwol-Dong,10.0,63.0,29.322580645161292
2019,7,Nowon-Gu,9.0,89.0,33.32258064516129
2019,7,Pado-Ri,16.0,87.0,36.29032258064516
2019,7,Paju,15.0,58.0,35.516129032258064
2019,7,Sangjusi,10.0,76.0,35.29032258064516
2019,7,Seolseong-Myeon,12.0,105.0,43.064516129032256
2019,7,Seonggeoeup,4.0,113.0,40.03225806451613
2019,8,Bangsan-Myeon,4.0,45.0,21.322580645161292
2019,8,Geumchon-Dong,12.0,65.0,42.25806451612903
2019,8,Gwanak-Gu,12.0,69.0,37.806451612903224
2019,8,Hwasun-Eup,13.0,67.0,35.87096774193548
2019,8,Jeongnim-Dong,15.0,58.0,37.83870967741935
2019,8,Jungang-Way,15.0,75.0,38.29032258064516
2019,8,Juwol-Dong,13.0,64.0,35.70967741935484
2019,8,Nowon-Gu,12.0,59.0,35.67741935483871
2019,8,Pado-Ri,15.0,96.0,50.41935483870968
2019,8,Paju,13.0,60.0,34.38709677419355
2019,8,Sangjusi,18.0,68.0,40.6
2019,8,Seolseong-Myeon,15.0,74.0,45.645161290322584
2019,8,Seonggeoeup,11.0,69.0,41.61290322580645
2019,9,Bangsan-Myeon,5.0,27.0,18.2
2019,9,Geumchon-Dong,10.0,61.0,30.633333333333333
2019,9,Gwanak-Gu,9.0,19.0,14.0
2019,9,Hwasun-Eup,8.0,45.0,27.133333333333333
2019,9,Jeongnim-Dong,12.0,47.0,32.03333333333333
2019,9,Jungang-Way,15.0,42.0,28.933333333333334
2019,9,Juwol-Dong,9.0,48.0,27.8
2019,9,Nowon-Gu,11.0,51.0,27.7
2019,9,Pado-Ri,13.0,63.0,37.86666666666667
2019,9,Paju,9.0,68.0,33.166666666666664
2019,9,Sangjusi,20.0,62.0,33.3
2019,9,Seolseong-Myeon,14.0,77.0,34.3
2019,9,Seonggeoeup,13.0,78.0,38.8
2019,10,Bangsan-Myeon,6.0,40.0,22.0
2019,10,Geumchon-Dong,12.0,47.0,28.774193548387096
2019,10,Gwanak-Gu,4.0,25.0,16.06451612903226
2019,10,Hwasun-Eup,11.0,42.0,27.35483870967742
2019,10,Jeongnim-Dong,9.0,49.0,30.64516129032258
2019,10,Jungang-Way,10.0,44.0,29.225806451612904
2019,10,Juwol-Dong,14.0,46.0,29.580645161290324
2019,10,Nowon-Gu,11.0,32.0,24.06451612903226
2019,10,Pado-Ri,12.0,72.0,43.45161290322581
2019,10,Paju,20.0,64.0,35.0
2019,10,Sangjusi,21.0,62.0,33.74193548387097
2019,10,Seolseong-Myeon,10.0,52.0,31.548387096774192
2019,10,Seonggeoeup,14.0,51.0,33.935483870967744
2019,11,Bangsan-Myeon,7.0,42.0,21.0
2019,11,Geumchon-Dong,2.0,33.0,17.689655172413794
2019,11,Gwanak-Gu,4.0,27.0,13.533333333333333
2019,11,Hwasun-Eup,8.0,38.0,23.379310344827587
2019,11,Jeongnim-Dong,5.0,46.0,21.896551724137932
2019,11,Jungang-Way,4.0,40.0,18.517241379310345
2019,11,Juwol-Dong,8.0,38.0,23.862068965517242
2019,11,Nowon-Gu,3.0,27.0,15.433333333333334
2019,11,Pado-Ri,14.0,50.0,32.275862068965516
2019,11,Paju,6.0,39.0,26.310344827586206
2019,11,Sangjusi,7.0,44.0,25.0
2019,11,Seolseong-Myeon,3.0,40.0,20.551724137931036
2019,11,Seonggeoeup,5.0,55.0,22.318181818181817
2019,12,Bangsan-Myeon,9.0,35.0,23.896551724137932
2019,12,Cheongnim-Dong,9.0,29.0,19.476190476190474
2019,12,Geumchon-Dong,3.0,28.0,15.137931034482758
2019,12,Gwanak-Gu,2.0,31.0,13.310344827586206
2019,12,Hwasun-Eup,1.0,28.0,20.344827586206897
2019,12,Jeongnim-Dong,7.0,30.0,18.482758620689655
2019,12,Jungang-Way,3.0,32.0,17.103448275862068
2019,12,Juwol-Dong,5.0,25.0,18.82758620689655
2019,12,Nowon-Gu,3.0,21.0,11.862068965517242
2019,12,Pado-Ri,1.0,52.0,24.142857142857142
2019,12,Paju,12.0,32.0,23.482758620689655
2019,12,Sangjusi,9.0,35.0,23.586206896551722
2019,12,Seolseong-Myeon,4.0,28.0,15.413793103448276
2019,12,Seonggeoeup,8.0,33.0,18.137931034482758
2020,1,Bangsan-Myeon,20.0,37.0,28.29032258064516
2020,1,Cheongnim-Dong,4.0,34.0,23.096774193548388
2020,1,Geumchon-Dong,3.0,29.0,21.451612903225808
2020,1,Gwanak-Gu,3.0,24.0,14.580645161290322
2020,1,Hwasun-Eup,9.0,29.0,21.225806451612904
2020,1,Jeongnim-Dong,1.0,35.0,20.29032258064516
2020,1,Jungang-Way,7.0,32.0,21.483870967741936
2020,1,Juwol-Dong,8.0,29.0,19.516129032258064
2020,1,Nowon-Gu,5.0,26.0,16.0
2020,1,Pado-Ri,1.0,42.0,20.0
2020,1,Paju,14.0,41.0,30.903225806451612
2020,1,Sangjusi,2.0,43.0,26.548387096774192
2020,1,Seolseong-Myeon,3.0,36.0,22.483870967741936
2020,1,Seonggeoeup,1.0,34.0,21.06451612903226
2020,2,Bangsan-Myeon,26.0,41.0,34.62068965517241
2020,2,Cheongnim-Dong,14.0,43.0,29.862068965517242
2020,2,Geumchon-Dong,9.0,36.0,26.96551724137931
2020,2,Gwanak-Gu,5.0,28.0,18.275862068965516
2020,2,Hwasun-Eup,15.0,37.0,26.620689655172413
2020,2,Jeongnim-Dong,14.0,35.0,26.724137931034484
2020,2,Jungang-Way,9.0,35.0,27.96551724137931
2020,2,Juwol-Dong,17.0,33.0,24.482758620689655
2020,2,Nowon-Gu,8.0,26.0,19.724137931034484
2020,2,Pado-Ri,2.0,40.0,29.20689655172414
2020,2,Paju,5.0,39.0,30.75862068965517
2020,2,Sangjusi,11.0,44.0,33.206896551724135
2020,2,Seolseong-Myeon,7.0,40.0,29.24137931034483
2020,2,Seonggeoeup,9.0,41.0,27.482758620689655
2020,3,Bangsan-Myeon,23.0,62.0,39.89655172413793
2020,3,Cheongnim-Dong,18.0,51.0,34.0
2020,3,Geumchon-Dong,23.0,49.0,35.96551724137931
2020,3,Gwanak-Gu,12.0,45.0,28.103448275862068
2020,3,Hwasun-Eup,19.0,40.0,30.322580645161292
2020,3,Jeongnim-Dong,17.0,59.0,36.86206896551724
2020,3,Jungang-Way,24.0,50.0,37.2962962962963
2020,3,Juwol-Dong,11.0,45.0,30.413793103448278
2020,3,Nowon-Gu,13.0,40.0,27.379310344827587
2020,3,Pado-Ri,30.0,60.0,37.86206896551724
2020,3,Paju,21.0,58.0,40.58064516129032
2020,3,Sangjusi,15.0,82.0,42.83870967741935
2020,3,Seolseong-Myeon,28.0,66.0,40.13793103448276
2020,3,Seonggeoeup,29.0,75.0,41.12903225806452
2020,4,Bangsan-Myeon,29.0,92.0,47.9
2020,4,Cheongnim-Dong,29.0,80.0,42.4
2020,4,Geumchon-Dong,26.0,76.0,44.766666666666666
2020,4,Gwanak-Gu,24.0,61.0,36.63333333333333
2020,4,Hwasun-Eup,24.0,71.0,37.8
2020,4,Jeongnim-Dong,33.0,79.0,46.8
2020,4,Jungang-Way,29.0,82.0,49.333333333333336
2020,4,Juwol-Dong,30.0,72.0,42.03333333333333
2020,4,Nowon-Gu,28.0,70.0,40.733333333333334
2020,4,Pado-Ri,26.0,48.0,37.36666666666667
2020,4,Paju,27.0,70.0,45.733333333333334
2020,4,Sangjusi,31.0,94.0,54.36666666666667
2020,4,Seolseong-Myeon,32.0,81.0,48.07142857142857
2020,4,Seonggeoeup,33.0,90.0,50.46666666666667
2020,5,Bangsan-Myeon,12.0,66.0,42.32258064516129
2020,5,Cheongnim-Dong,26.0,61.0,39.70967741935484
2020,5,Geumchon-Dong,28.0,96.0,44.0
2020,5,Gwanak-Gu,21.0,87.0,37.774193548387096
2020,5,Hwasun-Eup,27.0,62.0,39.87096774193548
2020,5,Jeongnim-Dong,24.0,65.0,44.225806451612904
2020,5,Jungang-Way,24.0,78.0,42.935483870967744
2020,5,Juwol-Dong,25.0,58.0,39.935483870967744
2020,5,Nowon-Gu,27.0,95.0,46.516129032258064
2020,5,Pado-Ri,29.0,47.0,39.12903225806452
2020,5,Paju,25.0,102.0,47.58064516129032
2020,5,Sangjusi,30.0,80.0,50.96774193548387
2020,5,Seolseong-Myeon,40.0,78.0,65.25
2020,5,Seonggeoeup,27.0,84.0,50.193548387096776
2020,6,Bangsan-Myeon,18.0,66.0,43.733333333333334
2020,6,Cheongnim-Dong,26.0,86.0,45.43333333333333
2020,6,Geumchon-Dong,28.0,82.0,46.5
2020,6,Gwanak-Gu,26.0,104.0,55.733333333333334
2020,6,Hwasun-Eup,21.0,73.0,37.2
2020,6,Hyeoksin-Dong,37.0,80.0,56.55555555555556
2020,6,Jeongnim-Dong,26.0,85.0,53.5
2020,6,Jungang-Way,23.0,101.0,59.3
2020,6,Juwol-Dong,25.0,65.0,38.36666666666667
2020,6,Nowon-Gu,23.0,117.0,62.3
2020,6,Onui-Dong,19.0,70.0,41.666666666666664
2020,6,Pado-Ri,26.0,70.0,43.233333333333334
2020,6,Paju,28.0,90.0,52.0
2020,6,Saesol-Dong,29.0,90.0,47.3
2020,6,Sangjusi,32.0,96.0,56.93333333333333
2020,6,Seolseong-Myeon,28.0,152.0,78.76666666666667
2020,6,Seonggeoeup,33.0,114.0,69.36666666666666
2020,6,Soi-Myeon,29.0,69.0,47.8
2020,7,Bangsan-Myeon,7.0,51.0,29.451612903225808
2020,7,Cheongnim-Dong,18.0,47.0,29.322580645161292
2020,7,Geumchon-Dong,13.0,81.0,35.12903225806452
2020,7,Gwanak-Gu,11.0,91.0,36.61290322580645
2020,7,Hwasun-Eup,9.0,46.0,25.933333333333334
2020,7,Hyeoksin-Dong,15.0,66.0,36.16129032258065
2020,7,Jeongnim-Dong,11.0,64.0,32.645161290322584
2020,7,Jungang-Way,9.0,56.0,33.58064516129032
2020,7,Juwol-Dong,8.0,45.0,25.322580645161292
2020,7,Nowon-Gu,17.0,97.0,42.83870967741935
2020,7,Onui-Dong,5.0,46.0,27.64516129032258
2020,7,Pado-Ri,13.0,81.0,36.83870967741935
2020,7,Paju,15.0,91.0,35.096774193548384
2020,7,Saesol-Dong,15.0,87.0,37.16129032258065
2020,7,Sangjusi,14.0,61.0,33.74193548387097
2020,7,Seolseong-Myeon,22.0,90.0,44.16129032258065
2020,7,Seonggeoeup,16.0,96.0,40.225806451612904
2020,7,Soi-Myeon,13.0,63.0,29.483870967741936
2020,8,Bangsan-Myeon,4.0,33.0,20.580645161290324
2020,8,Cheongnim-Dong,15.0,56.0,28.93548387096774
2020,8,Geumchon-Dong,8.0,41.0,25.129032258064516
2020,8,Gwanak-Gu,9.0,50.0,26.419354838709676
2020,8,Hwasun-Eup,9.0,45.0,22.838709677419356
2020,8,Hyeoksin-Dong,8.0,44.0,26.64516129032258
2020,8,Jeongnim-Dong,1.0,49.0,25.166666666666668
2020,8,Jungang-Way,6.0,24.0,16.88888888888889
2020,8,Juwol-Dong,8.0,59.0,25.419354838709676
2020,8,Nowon-Gu,7.0,55.0,29.258064516129032
2020,8,Onui-Dong,5.0,46.0,21.06451612903226
2020,8,Pado-Ri,13.0,53.0,24.580645161290324
2020,8,Paju,11.0,52.0,25.35483870967742
2020,8,Saesol-Dong,9.0,45.0,25.580645161290324
2020,8,Sangjusi,16.0,62.0,33.25806451612903
2020,8,Seolseong-Myeon,9.0,87.0,37.903225806451616
2020,8,Seonggeoeup,13.0,72.0,32.903225806451616
2020,8,Soi-Myeon,8.0,45.0,24.387096774193548
2020,9,Bangsan-Myeon,12.0,42.0,27.266666666666666
2020,9,Cheongnim-Dong,18.0,72.0,32.96666666666667
2020,9,Geumchon-Dong,16.0,81.0,35.93333333333333
2020,9,Gwanak-Gu,11.0,49.0,31.166666666666668
2020,9,Hwasun-Eup,10.0,44.0,28.033333333333335
2020,9,Hyeoksin-Dong,11.0,56.0,35.5
2020,9,Jeongnim-Dong,13.0,69.0,38.7
2020,9,Juwol-Dong,13.0,52.0,31.333333333333332
2020,9,Nowon-Gu,13.0,56.0,35.4
2020,9,Onui-Dong,13.0,41.0,25.833333333333332
2020,9,Pado-Ri,24.0,61.0,37.92857142857143
2020,9,Paju,20.0,80.0,36.666666666666664
2020,9,Saesol-Dong,8.0,48.0,26.5
2020,9,Sangjusi,16.0,69.0,40.1
2020,9,Seolseong-Myeon,20.0,80.0,45.13333333333333
2020,9,Seonggeoeup,13.0,59.0,39.0
2020,9,Soi-Myeon,11.0,56.0,32.93333333333333
2020,10,Bangsan-Myeon,21.0,49.0,33.96774193548387
2020,10,Cheongnim-Dong,19.0,48.0,31.93548387096774
2020,10,Geumchon-Dong,11.0,50.0,31.225806451612904
2020,10,Gwanak-Gu,12.0,42.0,26.741935483870968
2020,10,Hwasun-Eup,9.0,36.0,26.774193548387096
2020,10,Hyeoksin-Dong,4.0,59.0,33.12903225806452
2020,10,Jeongnim-Dong,7.0,49.0,34.96774193548387
2020,10,Jungang-Way,17.0,24.0,19.666666666666668
2020,10,Juwol-Dong,5.0,42.0,29.033333333333335
2020,10,Nowon-Gu,4.0,45.0,31.06451612903226
2020,10,Onui-Dong,3.0,36.0,22.06451612903226
2020,10,Pado-Ri,22.0,56.0,35.6
2020,10,Paju,18.0,63.0,36.41935483870968
2020,10,Saesol-Dong,8.0,61.0,28.06451612903226
2020,10,Sangjusi,25.0,90.0,54.96774193548387
2020,10,Seolseong-Myeon,16.0,65.0,40.903225806451616
2020,10,Seonggeoeup,17.0,63.0,37.70967741935484
2020,10,Soi-Myeon,17.0,53.0,35.41935483870968
2020,11,Bangsan-Myeon,8.0,48.0,28.4
2020,11,Cheongnim-Dong,7.0,40.0,23.9
2020,11,Geumchon-Dong,7.0,43.0,21.6
2020,11,Gwanak-Gu,7.0,35.0,17.3
2020,11,Hwasun-Eup,8.0,35.0,22.133333333333333
2020,11,Hyeoksin-Dong,4.0,36.0,18.566666666666666
2020,11,Jeongnim-Dong,1.0,47.0,22.8
2020,11,Jungang-Way,4.0,38.0,18.933333333333334
2020,11,Juwol-Dong,2.0,34.0,21.066666666666666
2020,11,Nowon-Gu,8.0,41.0,20.9
2020,11,Onui-Dong,1.0,36.0,15.7
2020,11,Pado-Ri,22.0,57.0,33.233333333333334
2020,11,Paju,17.0,48.0,29.866666666666667
2020,11,Saesol-Dong,12.0,44.0,23.266666666666666
2020,11,Sangjusi,8.0,88.0,32.766666666666666
2020,11,Seolseong-Myeon,13.0,63.0,28.1
2020,11,Seonggeoeup,11.0,46.0,25.166666666666668
2020,11,Soi-Myeon,17.0,48.0,28.0
2020,12,Bangsan-Myeon,8.0,35.0,28.0
2020,12,Cheongnim-Dong,16.0,28.0,22.06451612903226
2020,12,Geumchon-Dong,7.0,26.0,18.548387096774192
2020,12,Gwanak-Gu,4.0,22.0,15.612903225806452
2020,12,Hwasun-Eup,6.0,28.0,18.903225806451612
2020,12,Hyeoksin-Dong,15.0,34.0,22.29032258064516
2020,12,Jeongnim-Dong,4.0,30.0,20.612903225806452
2020,12,Jungang-Way,4.0,26.0,17.483870967741936
2020,12,Juwol-Dong,5.0,27.0,15.483870967741936
2020,12,Nowon-Gu,9.0,30.0,20.06451612903226
2020,12,Onui-Dong,1.0,26.0,14.806451612903226
2020,12,Pado-Ri,25.0,51.0,32.87096774193548
2020,12,Paju,5.0,36.0,27.548387096774192
2020,12,Saesol-Dong,4.0,29.0,20.193548387096776
2020,12,Sangjusi,13.0,35.0,27.322580645161292
2020,12,Seolseong-Myeon,16.0,32.0,23.451612903225808
2020,12,Seonggeoeup,14.0,35.0,21.225806451612904
2020,12,Soi-Myeon,19.0,31.0,23.70967741935484
2021,1,Bangsan-Myeon,17.0,38.0,29.0
2021,1,Cheongnim-Dong,16.0,34.0,23.483870967741936
2021,1,Geumchon-Dong,3.0,27.0,19.161290322580644
2021,1,Gwanak-Gu,1.0,23.0,14.258064516129032
2021,1,Hwasun-Eup,7.0,37.0,23.903225806451612
2021,1,Hyeoksin-Dong,11.0,34.0,23.032258064516128
2021,1,Jeongnim-Dong,2.0,30.0,21.03448275862069
2021,1,Jungang-Way,5.0,28.0,18.580645161290324
2021,1,Juwol-Dong,1.0,33.0,15.290322580645162
2021,1,Nowon-Gu,3.0,30.0,19.677419354838708
2021,1,Onui-Dong,2.0,34.0,16.870967741935484
2021,1,Pado-Ri,21.0,42.0,31.322580645161292
2021,1,Paju,13.0,36.0,27.903225806451612
2021,1,Saesol-Dong,4.0,29.0,20.620689655172413
2021,1,Sangjusi,12.0,50.0,32.45161290322581
2021,1,Seolseong-Myeon,7.0,34.0,24.774193548387096
2021,1,Seonggeoeup,4.0,36.0,23.258064516129032
2021,1,Soi-Myeon,11.0,31.0,25.29032258064516
2021,2,Bangsan-Myeon,26.0,56.0,36.357142857142854
2021,2,Cheongnim-Dong,19.0,44.0,28.857142857142858
2021,2,Geumchon-Dong,12.0,43.0,28.035714285714285
2021,2,Gwanak-Gu,3.0,37.0,21.75
2021,2,Hwasun-Eup,12.0,43.0,31.464285714285715
2021,2,Hyeoksin-Dong,11.0,42.0,28.178571428571427
2021,2,Jeongnim-Dong,11.0,50.0,32.25
2021,2,Jungang-Way,9.0,41.0,25.464285714285715
2021,2,Juwol-Dong,9.0,35.0,23.392857142857142
2021,2,Nowon-Gu,8.0,40.0,26.928571428571427
2021,2,Onui-Dong,7.0,40.0,23.928571428571427
2021,2,Pado-Ri,25.0,44.0,35.714285714285715
2021,2,Paju,22.0,56.0,35.642857142857146
2021,2,Saesol-Dong,8.0,45.0,30.035714285714285
2021,2,Sangjusi,28.0,59.0,40.607142857142854
2021,2,Seolseong-Myeon,17.0,52.0,33.107142857142854
2021,2,Seonggeoeup,14.0,51.0,32.392857142857146
2021,2,Soi-Myeon,25.0,54.0,35.07142857142857
2021,3,Bangsan-Myeon,32.0,70.0,44.29032258064516
2021,3,Cheongnim-Dong,18.0,43.0,32.16129032258065
2021,3,Geumchon-Dong,15.0,63.0,36.38709677419355
2021,3,Gwanak-Gu,3.0,54.0,27.0
2021,3,Hwasun-Eup,21.0,63.0,38.12903225806452
2021,3,Hyeoksin-Dong,21.0,51.0,36.58064516129032
2021,3,Jeongnim-Dong,13.0,53.0,36.096774193548384
2021,3,Jungang-Way,17.0,45.0,32.25806451612903
2021,3,Juwol-Dong,19.0,54.0,32.54838709677419
2021,3,Nowon-Gu,18.0,52.0,33.064516129032256
2021,3,Onui-Dong,9.0,49.0,31.580645161290324
2021,3,Pado-Ri,29.0,62.0,43.193548387096776
2021,3,Paju,25.0,71.0,43.93333333333333
2021,3,Saesol-Dong,25.0,67.0,38.38709677419355
2021,3,Sangjusi,28.0,97.0,63.0
2021,3,Seolseong-Myeon,22.0,58.0,41.87096774193548
2021,3,Seonggeoeup,26.0,64.0,41.516129032258064
2021,3,Soi-Myeon,23.0,75.0,42.41935483870968
2021,4,Bangsan-Myeon,34.0,67.0,45.06666666666667
2021,4,Cheongnim-Dong,23.0,56.0,37.1
2021,4,Geumchon-Dong,33.0,89.0,47.43333333333333
2021,4,Gwanak-Gu,23.0,72.0,37.63333333333333
2021,4,Hwasun-Eup,23.0,70.0,42.766666666666666
2021,4,Hyeoksin-Dong,27.0,85.0,47.3
2021,4,Jeongnim-Dong,28.0,93.0,47.733333333333334
2021,4,Jungang-Way,28.0,73.0,37.8
2021,4,Juwol-Dong,17.0,84.0,45.86666666666667
2021,4,Nowon-Gu,28.0,80.0,41.03333333333333
2021,4,Onui-Dong,27.0,83.0,39.8
2021,4,Pado-Ri,31.0,97.0,46.333333333333336
2021,4,Paju,30.0,104.0,51.06666666666667
2021,4,Saesol-Dong,24.0,93.0,44.53333333333333
2021,4,Sangjusi,32.0,114.0,63.233333333333334
2021,4,Seolseong-Myeon,29.0,110.0,51.46666666666667
2021,4,Seonggeoeup,37.0,109.0,53.9
2021,4,Soi-Myeon,37.0,111.0,52.8
2021,5,Bangsan-Myeon,25.0,78.0,42.41935483870968
2021,5,Cheongnim-Dong,16.0,56.0,36.96774193548387
2021,5,Geumchon-Dong,17.0,110.0,51.03225806451613
2021,5,Gwanak-Gu,17.0,81.0,38.16129032258065
2021,5,Hwasun-Eup,20.0,60.0,42.645161290322584
2021,5,Hyeoksin-Dong,25.0,76.0,49.0
2021,5,Jeongnim-Dong,25.0,78.0,48.483870967741936
2021,5,Jungang-Way,18.0,56.0,35.67741935483871
2021,5,Juwol-Dong,21.0,68.0,47.96774193548387
2021,5,Nowon-Gu,18.0,64.0,39.193548387096776
2021,5,Onui-Dong,18.0,57.0,35.70967741935484
2021,5,Pado-Ri,28.0,91.0,47.58064516129032
2021,5,Paju,22.0,98.0,49.774193548387096
2021,5,Saesol-Dong,23.0,102.0,49.935483870967744
2021,5,Sangjusi,24.0,93.0,58.41935483870968
2021,5,Seolseong-Myeon,23.0,95.0,49.38709677419355
2021,5,Seonggeoeup,21.0,103.0,53.12903225806452
2021,5,Soi-Myeon,24.0,88.0,49.354838709677416
2021,6,Bangsan-Myeon,20.0,84.0,41.833333333333336
2021,6,Cheongnim-Dong,24.0,73.0,39.9
2021,6,Geumchon-Dong,28.0,106.0,61.833333333333336
2021,6,Gwanak-Gu,24.0,108.0,52.56666666666667
2021,6,Hwasun-Eup,22.0,67.0,44.333333333333336
2021,6,Hyeoksin-Dong,24.0,83.0,50.06666666666667
2021,6,Jeongnim-Dong,26.0,84.0,53.6
2021,6,Jungang-Way,23.0,76.0,38.166666666666664
2021,6,Juwol-Dong,24.0,81.0,50.93333333333333
2021,6,Nowon-Gu,29.0,91.0,52.4
2021,6,Onui-Dong,21.0,94.0,40.86666666666667
2021,6,Pado-Ri,25.0,78.0,47.766666666666666
2021,6,Paju,27.0,86.0,50.766666666666666
2021,6,Saesol-Dong,31.0,116.0,60.3
2021,6,Sangjusi,37.0,134.0,79.83333333333333
2021,6,Seolseong-Myeon,12.0,86.0,53.74074074074074
2021,6,Seonggeoeup,31.0,103.0,66.3
2021,6,Soi-Myeon,18.0,80.0,46.5
2021,7,Bangsan-Myeon,16.0,55.0,31.870967741935484
2021,7,Cheongnim-Dong,18.0,76.0,32.096774193548384
2021,7,Geumchon-Dong,28.0,87.0,55.0
2021,7,Gwanak-Gu,28.0,102.0,59.096774193548384
2021,7,Hwasun-Eup,11.0,52.0,29.483870967741936
2021,7,Hyeoksin-Dong,13.0,60.0,32.225806451612904
2021,7,Jeongnim-Dong,18.0,57.0,35.32258064516129
2021,7,Jungang-Way,20.0,48.0,31.516129032258064
2021,7,Juwol-Dong,13.0,58.0,33.354838709677416
2021,7,Nowon-Gu,22.0,89.0,47.70967741935484
2021,7,Onui-Dong,19.0,49.0,32.0
2021,7,Pado-Ri,16.0,108.0,48.0
2021,7,Paju,23.0,79.0,42.61290322580645
2021,7,Saesol-Dong,26.0,104.0,56.064516129032256
2021,7,Sangjusi,42.0,144.0,75.83870967741936
2021,7,Seolseong-Myeon,18.0,71.0,39.285714285714285
2021,7,Seonggeoeup,25.0,103.0,44.83870967741935
2021,7,Soi-Myeon,23.0,53.0,34.29032258064516
2021,8,Bangsan-Myeon,18.0,49.0,33.516129032258064
2021,8,Cheongnim-Dong,12.0,59.0,33.87096774193548
2021,8,Geumchon-Dong,23.0,84.0,41.903225806451616
2021,8,Gwanak-Gu,22.0,76.0,41.67741935483871
2021,8,Hwasun-Eup,9.0,45.0,25.774193548387096
2021,8,Hyeoksin-Dong,19.0,54.0,36.58064516129032
2021,8,Jeongnim-Dong,13.0,62.0,37.096774193548384
2021,8,Jungang-Way,16.0,59.0,32.483870967741936
2021,8,Juwol-Dong,12.0,58.0,33.41935483870968
2021,8,Nowon-Gu,20.0,90.0,40.16129032258065
2021,8,Onui-Dong,13.0,58.0,32.935483870967744
2021,8,Pado-Ri,19.0,62.0,41.096774193548384
2021,8,Paju,17.0,51.0,32.90909090909091
2021,8,Saesol-Dong,23.0,90.0,43.516129032258064
2021,8,Sangjusi,20.0,111.0,48.7
2021,8,Seolseong-Myeon,20.0,69.0,37.12903225806452
2021,8,Seonggeoeup,28.0,78.0,45.645161290322584
2021,8,Soi-Myeon,20.0,51.0,34.0
2021,9,Bangsan-Myeon,15.0,41.0,30.033333333333335
2021,9,Cheongnim-Dong,17.0,53.0,31.533333333333335
2021,9,Geumchon-Dong,16.0,66.0,36.53333333333333
2021,9,Gwanak-Gu,20.0,89.0,41.93333333333333
2021,9,Hwasun-Eup,20.0,44.0,31.433333333333334
2021,9,Hyeoksin-Dong,21.0,69.0,36.6
2021,9,Jeongnim-Dong,27.0,66.0,36.7
2021,9,Jungang-Way,16.0,49.0,28.5
2021,9,Juwol-Dong,24.0,65.0,37.333333333333336
2021,9,Nowon-Gu,15.0,91.0,37.46666666666667
2021,9,Onui-Dong,14.0,43.0,27.733333333333334
2021,9,Pado-Ri,20.0,58.0,39.6
2021,9,Paju,18.0,63.0,35.56666666666667
2021,9,Saesol-Dong,17.0,66.0,38.1
2021,9,Sangjusi,13.0,45.0,28.533333333333335
2021,9,Seolseong-Myeon,10.0,55.0,34.56666666666667
2021,9,Seonggeoeup,16.0,72.0,39.766666666666666
2021,9,Soi-Myeon,19.0,45.0,34.36666666666667
2021,10,Bangsan-Myeon,16.0,49.0,31.64516129032258
2021,10,Cheongnim-Dong,19.0,65.0,29.838709677419356
2021,10,Geumchon-Dong,8.0,66.0,30.0
2021,10,Gwanak-Gu,14.0,69.0,30.516129032258064
2021,10,Hwasun-Eup,14.0,50.0,30.580645161290324
2021,10,Hyeoksin-Dong,12.0,61.0,35.0
2021,10,Jeongnim-Dong,16.0,52.0,31.612903225806452
2021,10,Jungang-Way,13.0,40.0,24.612903225806452
2021,10,Juwol-Dong,14.0,60.0,33.12903225806452
2021,10,Nowon-Gu,6.0,54.0,28.677419354838708
2021,10,Onui-Dong,9.0,34.0,20.483870967741936
2021,10,Pado-Ri,20.0,61.0,38.32258064516129
2021,10,Paju,14.0,65.0,33.774193548387096
2021,10,Saesol-Dong,14.0,61.0,30.419354838709676
2021,10,Sangjusi,11.0,49.0,30.29032258064516
2021,10,Seolseong-Myeon,12.0,51.0,31.29032258064516
2021,10,Seonggeoeup,12.0,49.0,32.806451612903224
2021,10,Soi-Myeon,10.0,48.0,32.0
2021,11,Bangsan-Myeon,18.0,47.0,30.833333333333332
2021,11,Cheongnim-Dong,15.0,38.0,25.266666666666666
2021,11,Geumchon-Dong,8.0,52.0,25.2
2021,11,Gwanak-Gu,10.0,43.0,23.466666666666665
2021,11,Hwasun-Eup,20.0,38.0,27.3
2021,11,Hyeoksin-Dong,18.0,44.0,30.6
2021,11,Jeongnim-Dong,17.0,41.0,28.366666666666667
2021,11,Jungang-Way,8.0,40.0,22.7
2021,11,Juwol-Dong,7.0,39.0,24.666666666666668
2021,11,Nowon-Gu,9.0,43.0,24.9
2021,11,Onui-Dong,5.0,32.0,18.166666666666668
2021,11,Pado-Ri,24.0,55.0,35.1
2021,11,Paju,15.0,66.0,33.56666666666667
2021,11,Saesol-Dong,13.0,52.0,25.9
2021,11,Sangjusi,16.0,47.0,29.533333333333335
2021,11,Seolseong-Myeon,6.0,42.0,26.933333333333334
2021,11,Seonggeoeup,16.0,44.0,27.466666666666665
2021,11,Soi-Myeon,20.0,48.0,31.233333333333334
2021,12,Bangsan-Myeon,9.0,33.0,24.93548387096774
2021,12,Cheongnim-Dong,15.0,27.0,20.225806451612904
2021,12,Geumchon-Dong,2.0,26.0,17.483870967741936
2021,12,Gwanak-Gu,2.0,22.0,13.129032258064516
2021,12,Hwasun-Eup,11.0,29.0,21.333333333333332
2021,12,Hyeoksin-Dong,3.0,38.0,24.70967741935484
2021,12,Jeongnim-Dong,5.0,35.0,20.548387096774192
2021,12,Jungang-Way,3.0,32.0,19.129032258064516
2021,12,Juwol-Dong,8.0,28.0,20.70967741935484
2021,12,Nowon-Gu,2.0,28.0,16.806451612903224
2021,12,Onui-Dong,3.0,27.0,15.096774193548388
2021,12,Pado-Ri,24.0,41.0,32.0
2021,12,Paju,11.0,34.0,25.774193548387096
2021,12,Saesol-Dong,2.0,33.0,18.612903225806452
2021,12,Sangjusi,7.0,33.0,23.967741935483872
2021,12,Seolseong-Myeon,4.0,27.0,19.677419354838708
2021,12,Seonggeoeup,3.0,29.0,20.096774193548388
2021,12,Soi-Myeon,4.0,32.0,22.193548387096776
2022,1,Bangsan-Myeon,22.0,39.0,29.06451612903226
2022,1,Cheongnim-Dong,16.0,31.0,21.903225806451612
2022,1,Geumchon-Dong,5.0,31.0,22.0
2022,1,Gwanak-Gu,4.0,23.0,16.322580645161292
2022,1,Hwasun-Eup,12.0,30.0,22.20689655172414
2022,1,Hyeoksin-Dong,10.0,34.0,25.774193548387096
2022,1,Jeongnim-Dong,5.0,34.0,23.29032258064516
2022,1,Jungang-Way,7.0,37.0,24.548387096774192
2022,1,Juwol-Dong,12.0,31.0,23.29032258064516
2022,1,Nowon-Gu,6.0,32.0,21.677419354838708
2022,1,Onui-Dong,3.0,32.0,17.419354838709676
2022,1,Pado-Ri,26.0,43.0,33.70967741935484
2022,1,Paju,15.0,39.0,30.70967741935484
2022,1,Saemangeum,38.0,38.0,38.0
2022,1,Saesol-Dong,3.0,37.0,21.22222222222222
2022,1,Sangjusi,13.0,33.0,26.258064516129032
2022,1,Seolseong-Myeon,10.0,36.0,24.258064516129032
2022,1,Seonggeoeup,6.0,36.0,23.258064516129032
2022,1,Soi-Myeon,9.0,34.0,24.580645161290324
2022,1,Taeha-Ri,40.0,40.0,40.0
2022,2,Bangsan-Myeon,27.0,44.0,34.78947368421053
2022,2,Cheongnim-Dong,19.0,33.0,24.05263157894737
2022,2,Geumchon-Dong,7.0,37.0,27.68421052631579
2022,2,Gwanak-Gu,12.0,30.0,22.736842105263158
2022,2,Hwasun-Eup,22.0,45.0,30.789473684210527
2022,2,Hyeoksin-Dong,24.0,48.0,35.1578947368421
2022,2,Jeongnim-Dong,19.0,49.0,33.0
2022,2,Jungang-Way,27.0,41.0,34.78947368421053
2022,2,Juwol-Dong,24.0,46.0,31.789473684210527
2022,2,Nowon-Gu,16.0,35.0,29.473684210526315
2022,2,Onui-Dong,18.0,34.0,28.736842105263158
2022,2,Pado-Ri,29.0,51.0,39.89473684210526
2022,2,Paju,29.0,51.0,36.63157894736842
2022,2,Saemangeum,31.0,51.0,38.0
2022,2,Saesol-Dong,21.0,45.0,33.89473684210526
2022,2,Sangjusi,24.0,46.0,33.36842105263158
2022,2,Seolseong-Myeon,27.0,47.0,34.73684210526316
2022,2,Seonggeoeup,20.0,37.0,31.157894736842106
2022,2,Soi-Myeon,26.0,45.0,34.21052631578947
2022,2,Taeha-Ri,37.0,47.0,39.76923076923077
