,,, so2, so2, so2
,,,min,max,mean
date,date,City,,,
2013,12,Geumchon-Dong,14.0,14.0,14.0
2013,12,Gwanak-Gu,14.0,14.0,14.0
2013,12,Jeongnim-Dong,8.0,8.0,8.0
2013,12,Jungang-Way,15.0,15.0,15.0
2013,12,Juwol-Dong,11.0,11.0,11.0
2013,12,Nowon-Gu,16.0,16.0,16.0
2014,1,Bangsan-Myeon,3.0,5.0,3.4285714285714284
2014,1,Geumchon-Dong,5.0,19.0,11.290322580645162
2014,1,Gwanak-Gu,4.0,21.0,10.806451612903226
2014,1,Jeongnim-Dong,3.0,16.0,7.129032258064516
2014,1,Jungang-Way,5.0,15.0,10.225806451612904
2014,1,Juwol-Dong,5.0,16.0,8.935483870967742
2014,1,Nowon-Gu,7.0,17.0,12.064516129032258
2014,1,Pado-Ri,1.0,3.0,1.8571428571428572
2014,1,Seolseong-Myeon,2.0,3.0,2.4444444444444446
2014,2,Bangsan-Myeon,2.0,11.0,4.181818181818182
2014,2,Geumchon-Dong,3.0,19.0,8.607142857142858
2014,2,Gwanak-Gu,4.0,21.0,8.88888888888889
2014,2,Jeongnim-Dong,2.0,14.0,6.535714285714286
2014,2,Jungang-Way,4.0,19.0,8.857142857142858
2014,2,Juwol-Dong,4.0,14.0,7.392857142857143
2014,2,Nowon-Gu,5.0,18.0,10.142857142857142
2014,2,Pado-Ri,1.0,8.0,2.55
2014,2,Seolseong-Myeon,1.0,9.0,3.8333333333333335
2014,3,Bangsan-Myeon,2.0,11.0,4.75
2014,3,Geumchon-Dong,4.0,17.0,8.96774193548387
2014,3,Gwanak-Gu,4.0,21.0,7.741935483870968
2014,3,Jeongnim-Dong,3.0,8.0,4.645161290322581
2014,3,Jungang-Way,3.0,13.0,7.032258064516129
2014,3,Juwol-Dong,6.0,13.0,8.67741935483871
2014,3,Nowon-Gu,6.0,18.0,9.935483870967742
2014,3,Pado-Ri,1.0,4.0,2.08
2014,3,Seolseong-Myeon,1.0,7.0,3.6451612903225805
2014,4,Bangsan-Myeon,2.0,12.0,3.48
2014,4,Geumchon-Dong,2.0,12.0,5.766666666666667
2014,4,Gwanak-Gu,3.0,12.0,6.75
2014,4,Jeongnim-Dong,1.0,8.0,3.9
2014,4,Jungang-Way,2.0,11.0,4.862068965517241
2014,4,Juwol-Dong,6.0,15.0,9.5
2014,4,Nowon-Gu,6.0,13.0,8.333333333333334
2014,4,Pado-Ri,1.0,33.0,3.3157894736842106
2014,4,Seolseong-Myeon,1.0,7.0,3.6206896551724137
2014,5,Bangsan-Myeon,1.0,5.0,2.7777777777777777
2014,5,Geumchon-Dong,3.0,13.0,6.2
2014,5,Gwanak-Gu,4.0,13.0,8.03225806451613
2014,5,Jeongnim-Dong,2.0,8.0,4.0
2014,5,Jungang-Way,3.0,9.0,5.0
2014,5,Juwol-Dong,3.0,14.0,8.580645161290322
2014,5,Nowon-Gu,6.0,14.0,8.774193548387096
2014,5,Pado-Ri,1.0,5.0,1.9130434782608696
2014,5,Seolseong-Myeon,1.0,6.0,3.5161290322580645
2014,6,Bangsan-Myeon,2.0,3.0,2.2
2014,6,Geumchon-Dong,2.0,5.0,3.4074074074074074
2014,6,Gwanak-Gu,4.0,10.0,6.0
2014,6,Jeongnim-Dong,2.0,4.0,2.923076923076923
2014,6,Jungang-Way,2.0,5.0,3.2666666666666666
2014,6,Juwol-Dong,1.0,7.0,3.4615384615384617
2014,6,Nowon-Gu,6.0,8.0,6.7
2014,6,Pado-Ri,1.0,5.0,2.2222222222222223
2014,6,Seolseong-Myeon,1.0,5.0,2.55
2014,7,Bangsan-Myeon,1.0,3.0,2.0
2014,7,Geumchon-Dong,2.0,6.0,4.1
2014,7,Gwanak-Gu,4.0,10.0,7.166666666666667
2014,7,Jeongnim-Dong,2.0,7.0,3.4285714285714284
2014,7,Jungang-Way,3.0,6.0,3.6666666666666665
2014,7,Juwol-Dong,1.0,8.0,2.88
2014,7,Nowon-Gu,6.0,8.0,6.612903225806452
2014,7,Pado-Ri,1.0,5.0,2.0
2014,7,Seolseong-Myeon,1.0,5.0,2.0833333333333335
2014,8,Bangsan-Myeon,1.0,2.0,1.6666666666666667
2014,8,Geumchon-Dong,2.0,8.0,4.586206896551724
2014,8,Gwanak-Gu,5.0,10.0,7.64
2014,8,Jeongnim-Dong,2.0,4.0,2.6875
2014,8,Jungang-Way,3.0,7.0,3.7
2014,8,Juwol-Dong,3.0,6.0,3.9655172413793105
2014,8,Nowon-Gu,4.0,8.0,6.193548387096774
2014,8,Pado-Ri,1.0,5.0,1.8846153846153846
2014,8,Seolseong-Myeon,1.0,4.0,2.2
2014,9,Bangsan-Myeon,1.0,4.0,1.8333333333333333
2014,9,Geumchon-Dong,3.0,7.0,5.0
2014,9,Gwanak-Gu,4.0,10.0,6.964285714285714
2014,9,Jeongnim-Dong,2.0,6.0,3.4761904761904763
2014,9,Jungang-Way,3.0,6.0,4.0
2014,9,Juwol-Dong,3.0,8.0,4.620689655172414
2014,9,Nowon-Gu,6.0,12.0,6.9
2014,9,Pado-Ri,1.0,5.0,2.2758620689655173
2014,9,Seolseong-Myeon,1.0,3.0,1.9230769230769231
2014,10,Bangsan-Myeon,1.0,4.0,1.7307692307692308
2014,10,Geumchon-Dong,4.0,9.0,5.67741935483871
2014,10,Gwanak-Gu,4.0,9.0,6.206896551724138
2014,10,Jeongnim-Dong,1.0,5.0,3.4
2014,10,Jungang-Way,2.0,6.0,3.6666666666666665
2014,10,Juwol-Dong,3.0,7.0,4.064516129032258
2014,10,Nowon-Gu,5.0,10.0,6.935483870967742
2014,10,Pado-Ri,1.0,7.0,2.193548387096774
2014,10,Seolseong-Myeon,1.0,2.0,1.6666666666666667
2014,11,Bangsan-Myeon,1.0,4.0,2.3846153846153846
2014,11,Geumchon-Dong,3.0,14.0,8.633333333333333
2014,11,Gwanak-Gu,5.0,11.0,7.633333333333334
2014,11,Jeongnim-Dong,2.0,7.0,4.433333333333334
2014,11,Jungang-Way,5.0,10.0,7.066666666666666
2014,11,Juwol-Dong,4.0,7.0,5.233333333333333
2014,11,Nowon-Gu,6.0,11.0,8.733333333333333
2014,11,Pado-Ri,1.0,7.0,3.1666666666666665
2014,11,Seolseong-Myeon,1.0,4.0,2.1481481481481484
2014,12,Bangsan-Myeon,3.0,8.0,4.037037037037037
2014,12,Geumchon-Dong,6.0,13.0,9.814814814814815
2014,12,Gwanak-Gu,7.0,14.0,9.071428571428571
2014,12,Jeongnim-Dong,4.0,10.0,6.2592592592592595
2014,12,Jungang-Way,5.0,17.0,8.962962962962964
2014,12,Juwol-Dong,4.0,7.0,5.666666666666667
2014,12,Nowon-Gu,6.0,14.0,9.107142857142858
2014,12,Pado-Ri,1.0,9.0,3.888888888888889
2014,12,Seolseong-Myeon,1.0,8.0,2.4814814814814814
2015,1,Bangsan-Myeon,1.0,37.0,5.137931034482759
2015,1,Geumchon-Dong,7.0,40.0,12.241379310344827
2015,1,Gwanak-Gu,7.0,37.0,11.096774193548388
2015,1,Jeongnim-Dong,4.0,34.0,7.620689655172414
2015,1,Jungang-Way,8.0,36.0,12.344827586206897
2015,1,Juwol-Dong,3.0,36.0,6.620689655172414
2015,1,Nowon-Gu,8.0,33.0,12.064516129032258
2015,1,Pado-Ri,1.0,40.0,6.379310344827586
2015,1,Seolseong-Myeon,1.0,36.0,4.655172413793103
2015,2,Bangsan-Myeon,1.0,9.0,2.75
2015,2,Geumchon-Dong,3.0,21.0,9.464285714285714
2015,2,Gwanak-Gu,6.0,18.0,9.428571428571429
2015,2,Jeongnim-Dong,3.0,13.0,6.25
2015,2,Jungang-Way,6.0,17.0,9.678571428571429
2015,2,Juwol-Dong,3.0,7.0,5.0
2015,2,Nowon-Gu,6.0,16.0,10.107142857142858
2015,2,Pado-Ri,1.0,13.0,2.9545454545454546
2015,2,Seolseong-Myeon,2.0,12.0,3.75
2015,3,Bangsan-Myeon,1.0,6.0,2.774193548387097
2015,3,Geumchon-Dong,4.0,19.0,7.967741935483871
2015,3,Gwanak-Gu,4.0,20.0,9.741935483870968
2015,3,Jeongnim-Dong,3.0,11.0,5.290322580645161
2015,3,Jungang-Way,5.0,14.0,8.806451612903226
2015,3,Juwol-Dong,3.0,6.0,4.290322580645161
2015,3,Nowon-Gu,6.0,17.0,10.387096774193548
2015,3,Pado-Ri,1.0,6.0,2.2962962962962963
2015,3,Seolseong-Myeon,2.0,9.0,4.1
2015,4,Bangsan-Myeon,1.0,5.0,1.8148148148148149
2015,4,Geumchon-Dong,1.0,9.0,4.733333333333333
2015,4,Gwanak-Gu,4.0,12.0,7.482758620689655
2015,4,Jeongnim-Dong,2.0,9.0,4.115384615384615
2015,4,Jungang-Way,3.0,10.0,5.758620689655173
2015,4,Juwol-Dong,2.0,7.0,4.133333333333334
2015,4,Nowon-Gu,6.0,11.0,8.2
2015,4,Pado-Ri,1.0,6.0,2.6206896551724137
2015,4,Seolseong-Myeon,1.0,5.0,2.75
2015,5,Bangsan-Myeon,1.0,4.0,1.5555555555555556
2015,5,Geumchon-Dong,2.0,9.0,4.758620689655173
2015,5,Gwanak-Gu,5.0,12.0,8.612903225806452
2015,5,Jeongnim-Dong,2.0,7.0,4.354838709677419
2015,5,Jungang-Way,2.0,8.0,4.821428571428571
2015,5,Juwol-Dong,3.0,7.0,4.0
2015,5,Nowon-Gu,7.0,11.0,8.516129032258064
2015,5,Pado-Ri,1.0,8.0,3.096774193548387
2015,5,Seolseong-Myeon,2.0,8.0,3.967741935483871
2015,6,Bangsan-Myeon,1.0,2.0,1.1538461538461537
2015,6,Geumchon-Dong,3.0,7.0,4.285714285714286
2015,6,Gwanak-Gu,2.0,9.0,6.266666666666667
2015,6,Jeongnim-Dong,2.0,6.0,3.6666666666666665
2015,6,Jungang-Way,3.0,6.0,3.9655172413793105
2015,6,Juwol-Dong,3.0,9.0,3.8
2015,6,Nowon-Gu,6.0,9.0,7.666666666666667
2015,6,Pado-Ri,1.0,13.0,3.5517241379310347
2015,6,Seolseong-Myeon,1.0,5.0,2.642857142857143
2015,7,Bangsan-Myeon,1.0,1.0,1.0
2015,7,Geumchon-Dong,3.0,6.0,4.0
2015,7,Gwanak-Gu,2.0,8.0,4.827586206896552
2015,7,Jeongnim-Dong,1.0,4.0,2.5714285714285716
2015,7,Jungang-Way,1.0,5.0,2.8846153846153846
2015,7,Juwol-Dong,1.0,5.0,3.2580645161290325
2015,7,Nowon-Gu,6.0,8.0,7.064516129032258
2015,7,Pado-Ri,1.0,6.0,2.5357142857142856
2015,7,Seolseong-Myeon,1.0,4.0,2.210526315789474
2015,8,Bangsan-Myeon,1.0,1.0,1.0
2015,8,Geumchon-Dong,2.0,8.0,4.0
2015,8,Gwanak-Gu,2.0,8.0,5.2
2015,8,Jeongnim-Dong,2.0,6.0,3.1666666666666665
2015,8,Jungang-Way,3.0,4.0,3.076923076923077
2015,8,Juwol-Dong,2.0,6.0,2.6451612903225805
2015,8,Nowon-Gu,7.0,8.0,7.433333333333334
2015,8,Pado-Ri,1.0,5.0,1.9230769230769231
2015,8,Seolseong-Myeon,1.0,3.0,1.8571428571428572
2015,9,Bangsan-Myeon,,,
2015,9,Geumchon-Dong,3.0,6.0,4.178571428571429
2015,9,Gwanak-Gu,2.0,6.0,4.241379310344827
2015,9,Jeongnim-Dong,1.0,3.0,1.9375
2015,9,Jungang-Way,3.0,5.0,3.6666666666666665
2015,9,Juwol-Dong,2.0,7.0,4.0
2015,9,Nowon-Gu,6.0,8.0,6.642857142857143
2015,9,Pado-Ri,1.0,3.0,1.7083333333333333
2015,9,Seolseong-Myeon,1.0,2.0,1.75
2015,10,Bangsan-Myeon,1.0,3.0,1.8125
2015,10,Geumchon-Dong,3.0,7.0,5.161290322580645
2015,10,Gwanak-Gu,3.0,9.0,5.633333333333334
2015,10,Jeongnim-Dong,1.0,4.0,2.413793103448276
2015,10,Jungang-Way,3.0,6.0,4.3
2015,10,Juwol-Dong,1.0,5.0,2.769230769230769
2015,10,Nowon-Gu,7.0,10.0,8.0
2015,10,Pado-Ri,1.0,5.0,2.4074074074074074
2015,10,Seolseong-Myeon,1.0,3.0,1.2222222222222223
2015,11,Bangsan-Myeon,1.0,2.0,1.8
2015,11,Geumchon-Dong,4.0,11.0,6.555555555555555
2015,11,Gwanak-Gu,3.0,10.0,5.0
2015,11,Jeongnim-Dong,1.0,6.0,3.1481481481481484
2015,11,Jungang-Way,3.0,8.0,4.866666666666666
2015,11,Juwol-Dong,1.0,7.0,2.5925925925925926
2015,11,Nowon-Gu,6.0,13.0,8.266666666666667
2015,11,Pado-Ri,1.0,8.0,3.5
2015,11,Seolseong-Myeon,1.0,2.0,1.25
2015,12,Bangsan-Myeon,1.0,4.0,2.1739130434782608
2015,12,Geumchon-Dong,5.0,12.0,8.481481481481481
2015,12,Gwanak-Gu,4.0,11.0,6.655172413793103
2015,12,Jeongnim-Dong,2.0,6.0,3.7777777777777777
2015,12,Jungang-Way,5.0,12.0,7.925925925925926
2015,12,Juwol-Dong,1.0,6.0,3.4615384615384617
2015,12,Nowon-Gu,7.0,13.0,10.172413793103448
2015,12,Pado-Ri,1.0,10.0,4.230769230769231
2015,12,Seolseong-Myeon,1.0,4.0,1.4615384615384615
2016,1,Bangsan-Myeon,1.0,4.0,1.8275862068965518
2016,1,Geumchon-Dong,6.0,17.0,9.862068965517242
2016,1,Gwanak-Gu,6.0,11.0,7.379310344827586
2016,1,Jeongnim-Dong,2.0,8.0,4.571428571428571
2016,1,Jungang-Way,6.0,13.0,8.448275862068966
2016,1,Juwol-Dong,2.0,7.0,3.857142857142857
2016,1,Nowon-Gu,7.0,13.0,9.758620689655173
2016,1,Pado-Ri,2.0,12.0,3.9310344827586206
2016,1,Seolseong-Myeon,2.0,5.0,2.6206896551724137
2016,2,Bangsan-Myeon,1.0,3.0,1.9310344827586208
2016,2,Geumchon-Dong,3.0,12.0,7.827586206896552
2016,2,Gwanak-Gu,5.0,11.0,8.310344827586206
2016,2,Jeongnim-Dong,2.0,5.0,3.5517241379310347
2016,2,Jungang-Way,4.0,13.0,7.689655172413793
2016,2,Juwol-Dong,2.0,8.0,4.214285714285714
2016,2,Nowon-Gu,7.0,15.0,10.03448275862069
2016,2,Pado-Ri,2.0,6.0,3.2857142857142856
2016,2,Seolseong-Myeon,1.0,4.0,2.7142857142857144
2016,3,Bangsan-Myeon,1.0,4.0,1.4814814814814814
2016,3,Geumchon-Dong,3.0,11.0,6.935483870967742
2016,3,Gwanak-Gu,4.0,12.0,8.129032258064516
2016,3,Jeongnim-Dong,2.0,6.0,3.7096774193548385
2016,3,Jungang-Way,3.0,8.0,5.741935483870968
2016,3,Juwol-Dong,2.0,8.0,4.258064516129032
2016,3,Nowon-Gu,8.0,12.0,9.516129032258064
2016,3,Pado-Ri,1.0,7.0,3.066666666666667
2016,3,Seolseong-Myeon,1.0,8.0,3.0
2016,4,Bangsan-Myeon,1.0,5.0,2.3333333333333335
2016,4,Geumchon-Dong,1.0,10.0,4.6
2016,4,Gwanak-Gu,4.0,12.0,7.333333333333333
2016,4,Jeongnim-Dong,1.0,4.0,2.7
2016,4,Jungang-Way,3.0,7.0,4.103448275862069
2016,4,Juwol-Dong,2.0,7.0,3.6551724137931036
2016,4,Nowon-Gu,7.0,12.0,8.466666666666667
2016,4,Pado-Ri,1.0,7.0,2.8333333333333335
2016,4,Seolseong-Myeon,1.0,5.0,2.4642857142857144
2016,5,Bangsan-Myeon,1.0,2.0,1.6363636363636365
2016,5,Geumchon-Dong,2.0,8.0,4.387096774193548
2016,5,Gwanak-Gu,4.0,12.0,7.1
2016,5,Jeongnim-Dong,1.0,4.0,2.6
2016,5,Jungang-Way,1.0,5.0,2.5925925925925926
2016,5,Juwol-Dong,1.0,7.0,3.8666666666666667
2016,5,Nowon-Gu,7.0,11.0,8.03225806451613
2016,5,Pado-Ri,1.0,8.0,3.6333333333333333
2016,5,Seolseong-Myeon,1.0,5.0,2.230769230769231
2016,6,Bangsan-Myeon,1.0,2.0,1.6666666666666667
2016,6,Geumchon-Dong,2.0,9.0,4.0
2016,6,Gwanak-Gu,5.0,10.0,6.666666666666667
2016,6,Jeongnim-Dong,1.0,3.0,2.037037037037037
2016,6,Jungang-Way,1.0,5.0,2.869565217391304
2016,6,Juwol-Dong,2.0,11.0,4.083333333333333
2016,6,Nowon-Gu,7.0,10.0,7.933333333333334
2016,6,Pado-Ri,1.0,6.0,2.4814814814814814
2016,6,Seolseong-Myeon,1.0,4.0,2.111111111111111
2016,7,Bangsan-Myeon,1.0,1.0,1.0
2016,7,Geumchon-Dong,1.0,7.0,3.5714285714285716
2016,7,Gwanak-Gu,5.0,11.0,7.0344827586206895
2016,7,Jeongnim-Dong,1.0,3.0,2.076923076923077
2016,7,Jungang-Way,2.0,5.0,3.0
2016,7,Juwol-Dong,2.0,11.0,6.0
2016,7,Nowon-Gu,7.0,10.0,7.838709677419355
2016,7,Pado-Ri,1.0,6.0,2.782608695652174
2016,7,Seolseong-Myeon,1.0,1.0,1.0
2016,8,Bangsan-Myeon,2.0,2.0,2.0
2016,8,Geumchon-Dong,1.0,8.0,4.391304347826087
2016,8,Gwanak-Gu,5.0,13.0,8.166666666666666
2016,8,Jeongnim-Dong,1.0,4.0,2.5172413793103448
2016,8,Jungang-Way,3.0,3.0,3.0
2016,8,Juwol-Dong,2.0,7.0,4.391304347826087
2016,8,Nowon-Gu,7.0,9.0,7.741935483870968
2016,8,Pado-Ri,1.0,7.0,3.3666666666666667
2016,8,Seolseong-Myeon,1.0,2.0,1.125
2016,9,Bangsan-Myeon,,,
2016,9,Geumchon-Dong,1.0,5.0,3.107142857142857
2016,9,Gwanak-Gu,6.0,24.0,9.846153846153847
2016,9,Jeongnim-Dong,1.0,3.0,2.0
2016,9,Jungang-Way,3.0,5.0,3.3125
2016,9,Juwol-Dong,1.0,4.0,2.7142857142857144
2016,9,Nowon-Gu,7.0,9.0,7.8
2016,9,Pado-Ri,1.0,6.0,3.066666666666667
2016,9,Seolseong-Myeon,1.0,2.0,1.25
2016,10,Bangsan-Myeon,2.0,2.0,2.0
2016,10,Geumchon-Dong,2.0,5.0,3.413793103448276
2016,10,Gwanak-Gu,7.0,11.0,8.709677419354838
2016,10,Jeongnim-Dong,1.0,4.0,2.4193548387096775
2016,10,Jungang-Way,4.0,7.0,4.857142857142857
2016,10,Juwol-Dong,3.0,7.0,3.92
2016,10,Nowon-Gu,3.0,9.0,5.809523809523809
2016,10,Pado-Ri,1.0,9.0,3.6333333333333333
2016,10,Seolseong-Myeon,1.0,4.0,1.9
2016,11,Bangsan-Myeon,1.0,3.0,1.9545454545454546
2016,11,Geumchon-Dong,3.0,9.0,5.833333333333333
2016,11,Gwanak-Gu,8.0,13.0,10.466666666666667
2016,11,Jeongnim-Dong,1.0,5.0,3.4
2016,11,Jungang-Way,3.0,8.0,5.535714285714286
2016,11,Juwol-Dong,2.0,8.0,4.068965517241379
2016,11,Nowon-Gu,4.0,9.0,6.37037037037037
2016,11,Pado-Ri,1.0,10.0,3.9310344827586206
2016,11,Seolseong-Myeon,1.0,4.0,1.92
2016,12,Bangsan-Myeon,1.0,3.0,1.875
2016,12,Geumchon-Dong,4.0,11.0,7.032258064516129
2016,12,Gwanak-Gu,6.0,12.0,8.32258064516129
2016,12,Jeongnim-Dong,2.0,5.0,3.774193548387097
2016,12,Jungang-Way,4.0,10.0,6.290322580645161
2016,12,Juwol-Dong,2.0,7.0,4.068965517241379
2016,12,Nowon-Gu,5.0,11.0,7.6923076923076925
2016,12,Pado-Ri,1.0,10.0,3.4516129032258065
2016,12,Seolseong-Myeon,1.0,4.0,2.129032258064516
2017,1,Bangsan-Myeon,2.0,6.0,2.6785714285714284
2017,1,Geumchon-Dong,5.0,12.0,7.903225806451613
2017,1,Gwanak-Gu,6.0,15.0,9.451612903225806
2017,1,Jeongnim-Dong,2.0,6.0,3.5483870967741935
2017,1,Jungang-Way,4.0,10.0,6.258064516129032
2017,1,Juwol-Dong,3.0,8.0,4.193548387096774
2017,1,Nowon-Gu,3.0,11.0,6.354838709677419
2017,1,Pado-Ri,2.0,11.0,4.225806451612903
2017,1,Seolseong-Myeon,1.0,4.0,1.903225806451613
2017,2,Bangsan-Myeon,1.0,4.0,2.357142857142857
2017,2,Geumchon-Dong,5.0,12.0,7.821428571428571
2017,2,Gwanak-Gu,6.0,14.0,9.5
2017,2,Jeongnim-Dong,2.0,7.0,3.5714285714285716
2017,2,Jungang-Way,4.0,10.0,6.5
2017,2,Juwol-Dong,3.0,6.0,4.25
2017,2,Nowon-Gu,4.0,11.0,6.074074074074074
2017,2,Pado-Ri,2.0,6.0,3.357142857142857
2017,2,Seolseong-Myeon,1.0,4.0,2.4074074074074074
2017,3,Bangsan-Myeon,1.0,3.0,2.1379310344827585
2017,3,Geumchon-Dong,4.0,10.0,7.064516129032258
2017,3,Gwanak-Gu,2.0,11.0,6.129032258064516
2017,3,Jeongnim-Dong,2.0,6.0,3.7096774193548385
2017,3,Jungang-Way,3.0,8.0,5.193548387096774
2017,3,Juwol-Dong,2.0,7.0,4.225806451612903
2017,3,Nowon-Gu,3.0,12.0,6.032258064516129
2017,3,Pado-Ri,1.0,10.0,3.966666666666667
2017,3,Seolseong-Myeon,1.0,5.0,2.6
2017,4,Bangsan-Myeon,1.0,4.0,2.45
2017,4,Geumchon-Dong,3.0,8.0,4.866666666666666
2017,4,Gwanak-Gu,3.0,10.0,6.033333333333333
2017,4,Jeongnim-Dong,1.0,6.0,2.586206896551724
2017,4,Jungang-Way,3.0,8.0,4.333333333333333
2017,4,Juwol-Dong,3.0,7.0,3.9655172413793105
2017,4,Nowon-Gu,3.0,11.0,5.166666666666667
2017,4,Pado-Ri,2.0,6.0,3.2
2017,4,Seolseong-Myeon,1.0,6.0,2.7857142857142856
2017,5,Bangsan-Myeon,1.0,5.0,2.05
2017,5,Geumchon-Dong,3.0,7.0,4.862068965517241
2017,5,Gwanak-Gu,3.0,11.0,6.806451612903226
2017,5,Jeongnim-Dong,1.0,4.0,2.4
2017,5,Jungang-Way,2.0,7.0,4.0
2017,5,Juwol-Dong,2.0,7.0,3.870967741935484
2017,5,Nowon-Gu,3.0,9.0,5.290322580645161
2017,5,Pado-Ri,2.0,7.0,3.3870967741935485
2017,5,Seolseong-Myeon,2.0,5.0,2.967741935483871
2017,6,Bangsan-Myeon,2.0,2.0,2.0
2017,6,Geumchon-Dong,2.0,6.0,3.6296296296296298
2017,6,Gwanak-Gu,4.0,10.0,6.321428571428571
2017,6,Jeongnim-Dong,1.0,4.0,2.3076923076923075
2017,6,Jungang-Way,2.0,5.0,3.0384615384615383
2017,6,Juwol-Dong,2.0,7.0,4.461538461538462
2017,6,Nowon-Gu,3.0,8.0,4.103448275862069
2017,6,Pado-Ri,2.0,8.0,3.933333333333333
2017,6,Seolseong-Myeon,1.0,4.0,2.1739130434782608
2017,7,Bangsan-Myeon,,,
2017,7,Geumchon-Dong,3.0,5.0,3.909090909090909
2017,7,Gwanak-Gu,6.0,9.0,6.909090909090909
2017,7,Jeongnim-Dong,1.0,1.0,1.0
2017,7,Jungang-Way,1.0,2.0,1.25
2017,7,Juwol-Dong,3.0,4.0,3.4
2017,7,Nowon-Gu,2.0,3.0,2.875
2017,7,Pado-Ri,1.0,5.0,2.142857142857143
2017,7,Seolseong-Myeon,,,
2017,8,Geumchon-Dong,2.0,2.0,2.0
2017,8,Gwanak-Gu,6.0,9.0,7.0
2017,8,Jungang-Way,5.0,5.0,5.0
2017,8,Pado-Ri,2.0,6.0,3.75
2017,8,Seolseong-Myeon,1.0,2.0,1.6666666666666667
2017,9,Bangsan-Myeon,2.0,2.0,2.0
2017,9,Geumchon-Dong,3.0,6.0,4.285714285714286
2017,9,Gwanak-Gu,6.0,9.0,7.444444444444445
2017,9,Jeongnim-Dong,1.0,3.0,2.0
2017,9,Jungang-Way,3.0,4.0,3.4285714285714284
2017,9,Juwol-Dong,1.0,8.0,4.125
2017,9,Nowon-Gu,1.0,4.0,2.625
2017,9,Pado-Ri,1.0,2.0,1.8571428571428572
2017,9,Paju,1.0,4.0,2.2857142857142856
2017,9,Seolseong-Myeon,1.0,4.0,2.125
2017,10,Bangsan-Myeon,1.0,2.0,1.6666666666666667
2017,10,Geumchon-Dong,2.0,5.0,3.576923076923077
2017,10,Gwanak-Gu,6.0,11.0,8.357142857142858
2017,10,Jeongnim-Dong,1.0,4.0,2.0689655172413794
2017,10,Jungang-Way,3.0,7.0,4.181818181818182
2017,10,Juwol-Dong,2.0,5.0,3.6296296296296298
2017,10,Nowon-Gu,3.0,7.0,4.653846153846154
2017,10,Pado-Ri,,,
2017,10,Paju,1.0,4.0,2.3846153846153846
2017,10,Seolseong-Myeon,1.0,4.0,2.076923076923077
2017,11,Bangsan-Myeon,1.0,2.0,1.8571428571428572
2017,11,Geumchon-Dong,2.0,9.0,4.344827586206897
2017,11,Gwanak-Gu,7.0,11.0,9.0
2017,11,Jeongnim-Dong,2.0,4.0,2.6785714285714284
2017,11,Jungang-Way,2.0,8.0,5.758620689655173
2017,11,Juwol-Dong,2.0,6.0,4.037037037037037
2017,11,Nowon-Gu,5.0,10.0,7.0
2017,11,Paju,2.0,5.0,3.111111111111111
2017,11,Seolseong-Myeon,1.0,3.0,2.0
2017,12,Bangsan-Myeon,1.0,3.0,2.161290322580645
2017,12,Geumchon-Dong,4.0,9.0,6.225806451612903
2017,12,Gwanak-Gu,7.0,13.0,9.483870967741936
2017,12,Jeongnim-Dong,2.0,5.0,3.3870967741935485
2017,12,Jungang-Way,3.0,9.0,5.258064516129032
2017,12,Juwol-Dong,1.0,7.0,3.967741935483871
2017,12,Nowon-Gu,6.0,12.0,8.161290322580646
2017,12,Pado-Ri,1.0,7.0,2.75
2017,12,Paju,2.0,7.0,3.838709677419355
2017,12,Seolseong-Myeon,1.0,3.0,1.7142857142857142
2018,1,Bangsan-Myeon,2.0,4.0,2.4827586206896552
2018,1,Geumchon-Dong,5.0,9.0,6.483870967741935
2018,1,Gwanak-Gu,8.0,13.0,10.161290322580646
2018,1,Jeongnim-Dong,2.0,6.0,3.6129032258064515
2018,1,Jungang-Way,3.0,8.0,5.193548387096774
2018,1,Juwol-Dong,2.0,6.0,3.838709677419355
2018,1,Nowon-Gu,7.0,12.0,8.709677419354838
2018,1,Pado-Ri,2.0,8.0,3.566666666666667
2018,1,Paju,3.0,6.0,3.935483870967742
2018,1,Seolseong-Myeon,1.0,4.0,2.103448275862069
2018,2,Bangsan-Myeon,2.0,4.0,2.4642857142857144
2018,2,Geumchon-Dong,4.0,11.0,6.642857142857143
2018,2,Gwanak-Gu,5.0,13.0,9.642857142857142
2018,2,Jeongnim-Dong,2.0,8.0,3.8214285714285716
2018,2,Jungang-Way,3.0,9.0,5.333333333333333
2018,2,Juwol-Dong,3.0,7.0,4.222222222222222
2018,2,Nowon-Gu,7.0,16.0,9.464285714285714
2018,2,Pado-Ri,1.0,10.0,2.923076923076923
2018,2,Paju,3.0,6.0,3.892857142857143
2018,2,Sangjusi,7.0,8.0,7.5
2018,2,Seolseong-Myeon,2.0,3.0,2.185185185185185
2018,2,Seonggeoeup,3.0,7.0,5.2
2018,3,Bangsan-Myeon,1.0,3.0,1.8333333333333333
2018,3,Geumchon-Dong,3.0,7.0,4.851851851851852
2018,3,Gwanak-Gu,4.0,10.0,6.571428571428571
2018,3,Jeongnim-Dong,1.0,5.0,2.1538461538461537
2018,3,Jungang-Way,2.0,7.0,4.538461538461538
2018,3,Juwol-Dong,1.0,5.0,3.0384615384615383
2018,3,Nowon-Gu,5.0,11.0,7.9655172413793105
2018,3,Pado-Ri,1.0,7.0,2.8
2018,3,Paju,1.0,5.0,3.2142857142857144
2018,3,Sangjusi,1.0,6.0,3.423076923076923
2018,3,Seolseong-Myeon,1.0,3.0,2.0526315789473686
2018,3,Seonggeoeup,1.0,6.0,3.4193548387096775
2018,4,Bangsan-Myeon,2.0,2.0,2.0
2018,4,Geumchon-Dong,1.0,7.0,3.6923076923076925
2018,4,Gwanak-Gu,3.0,10.0,5.793103448275862
2018,4,Jeongnim-Dong,1.0,3.0,1.9259259259259258
2018,4,Jungang-Way,2.0,5.0,3.642857142857143
2018,4,Juwol-Dong,2.0,6.0,3.230769230769231
2018,4,Nowon-Gu,6.0,11.0,7.666666666666667
2018,4,Pado-Ri,1.0,9.0,3.0
2018,4,Paju,1.0,4.0,2.347826086956522
2018,4,Sangjusi,2.0,6.0,3.7586206896551726
2018,4,Seolseong-Myeon,1.0,4.0,2.4210526315789473
2018,4,Seonggeoeup,1.0,8.0,3.966666666666667
2018,5,Bangsan-Myeon,1.0,10.0,2.5555555555555554
2018,5,Geumchon-Dong,1.0,7.0,3.5416666666666665
2018,5,Gwanak-Gu,2.0,8.0,4.666666666666667
2018,5,Jeongnim-Dong,1.0,3.0,1.8235294117647058
2018,5,Jungang-Way,3.0,6.0,4.25
2018,5,Juwol-Dong,2.0,6.0,3.5714285714285716
2018,5,Nowon-Gu,5.0,9.0,6.555555555555555
2018,5,Pado-Ri,1.0,10.0,2.793103448275862
2018,5,Paju,1.0,3.0,2.1176470588235294
2018,5,Sangjusi,2.0,6.0,3.923076923076923
2018,5,Seolseong-Myeon,1.0,7.0,2.619047619047619
2018,5,Seonggeoeup,1.0,8.0,3.0344827586206895
2018,6,Bangsan-Myeon,1.0,42.0,6.625
2018,6,Geumchon-Dong,2.0,6.0,3.6538461538461537
2018,6,Gwanak-Gu,3.0,10.0,5.142857142857143
2018,6,Jeongnim-Dong,1.0,4.0,1.9
2018,6,Jungang-Way,1.0,7.0,3.6666666666666665
2018,6,Juwol-Dong,2.0,6.0,3.75
2018,6,Nowon-Gu,5.0,10.0,6.724137931034483
2018,6,Pado-Ri,1.0,8.0,3.7666666666666666
2018,6,Paju,1.0,3.0,1.9444444444444444
2018,6,Sangjusi,3.0,6.0,4.043478260869565
2018,6,Seolseong-Myeon,1.0,4.0,2.4347826086956523
2018,6,Seonggeoeup,2.0,11.0,5.0
2018,7,Bangsan-Myeon,1.0,110.0,10.909090909090908
2018,7,Geumchon-Dong,3.0,7.0,3.88
2018,7,Gwanak-Gu,3.0,8.0,5.071428571428571
2018,7,Jeongnim-Dong,1.0,4.0,2.3333333333333335
2018,7,Jungang-Way,1.0,3.0,2.0952380952380953
2018,7,Juwol-Dong,2.0,7.0,3.727272727272727
2018,7,Nowon-Gu,5.0,10.0,6.586206896551724
2018,7,Pado-Ri,1.0,7.0,3.5517241379310347
2018,7,Paju,1.0,3.0,1.9523809523809523
2018,7,Sangjusi,3.0,6.0,4.0
2018,7,Seolseong-Myeon,1.0,6.0,3.1153846153846154
2018,7,Seonggeoeup,3.0,7.0,4.5
2018,8,Bangsan-Myeon,1.0,2.0,1.1428571428571428
2018,8,Geumchon-Dong,3.0,7.0,3.5416666666666665
2018,8,Gwanak-Gu,2.0,6.0,4.137931034482759
2018,8,Jeongnim-Dong,1.0,4.0,2.2083333333333335
2018,8,Jungang-Way,1.0,4.0,2.0
2018,8,Juwol-Dong,1.0,9.0,3.56
2018,8,Nowon-Gu,5.0,8.0,5.8
2018,8,Pado-Ri,1.0,8.0,3.161290322580645
2018,8,Paju,1.0,3.0,2.5
2018,8,Sangjusi,4.0,6.0,4.6521739130434785
2018,8,Seolseong-Myeon,1.0,7.0,4.3
2018,8,Seonggeoeup,3.0,6.0,4.225806451612903
2018,9,Bangsan-Myeon,1.0,1.0,1.0
2018,9,Geumchon-Dong,2.0,6.0,3.12
2018,9,Gwanak-Gu,3.0,5.0,3.962962962962963
2018,9,Jeongnim-Dong,1.0,3.0,1.8333333333333333
2018,9,Jungang-Way,2.0,5.0,3.130434782608696
2018,9,Juwol-Dong,3.0,5.0,3.3636363636363638
2018,9,Nowon-Gu,4.0,7.0,4.766666666666667
2018,9,Pado-Ri,1.0,9.0,2.7333333333333334
2018,9,Paju,2.0,4.0,2.5789473684210527
2018,9,Sangjusi,3.0,5.0,3.3846153846153846
2018,9,Seolseong-Myeon,1.0,5.0,2.2
2018,9,Seonggeoeup,2.0,7.0,4.793103448275862
2018,10,Bangsan-Myeon,1.0,5.0,3.272727272727273
2018,10,Geumchon-Dong,3.0,6.0,3.7586206896551726
2018,10,Gwanak-Gu,4.0,6.0,4.6923076923076925
2018,10,Jeongnim-Dong,1.0,2.0,1.9259259259259258
2018,10,Jungang-Way,2.0,5.0,4.0
2018,10,Juwol-Dong,3.0,7.0,3.7916666666666665
2018,10,Nowon-Gu,4.0,8.0,5.892857142857143
2018,10,Pado-Ri,1.0,4.0,2.3448275862068964
2018,10,Paju,1.0,3.0,1.3076923076923077
2018,10,Sangjusi,3.0,4.0,3.4516129032258065
2018,10,Seolseong-Myeon,1.0,6.0,2.4545454545454546
2018,10,Seonggeoeup,4.0,8.0,5.620689655172414
2018,11,Bangsan-Myeon,1.0,3.0,1.8461538461538463
2018,11,Geumchon-Dong,3.0,6.0,5.0
2018,11,Gwanak-Gu,4.0,7.0,5.392857142857143
2018,11,Jeongnim-Dong,1.0,4.0,2.433333333333333
2018,11,Jungang-Way,1.0,6.0,3.6206896551724137
2018,11,Juwol-Dong,3.0,5.0,4.466666666666667
2018,11,Nowon-Gu,6.0,9.0,7.7
2018,11,Pado-Ri,1.0,8.0,3.413793103448276
2018,11,Paju,1.0,4.0,2.0
2018,11,Sangjusi,4.0,8.0,4.9
2018,11,Seolseong-Myeon,1.0,3.0,2.0384615384615383
2018,11,Seonggeoeup,4.0,8.0,5.5
2018,12,Bangsan-Myeon,1.0,3.0,1.7
2018,12,Geumchon-Dong,4.0,9.0,6.928571428571429
2018,12,Gwanak-Gu,4.0,10.0,6.4
2018,12,Jeongnim-Dong,1.0,5.0,3.1153846153846154
2018,12,Jungang-Way,2.0,8.0,4.7407407407407405
2018,12,Juwol-Dong,3.0,8.0,4.076923076923077
2018,12,Nowon-Gu,6.0,11.0,8.310344827586206
2018,12,Pado-Ri,1.0,6.0,3.217391304347826
2018,12,Paju,1.0,5.0,2.3333333333333335
2018,12,Sangjusi,2.0,7.0,5.392857142857143
2018,12,Seolseong-Myeon,1.0,4.0,2.32
2018,12,Seonggeoeup,3.0,8.0,5.538461538461538
2019,1,Bangsan-Myeon,1.0,5.0,2.9285714285714284
2019,1,Geumchon-Dong,5.0,11.0,7.67741935483871
2019,1,Gwanak-Gu,5.0,9.0,7.633333333333334
2019,1,Jeongnim-Dong,1.0,5.0,3.129032258064516
2019,1,Jungang-Way,3.0,7.0,5.32258064516129
2019,1,Juwol-Dong,3.0,7.0,4.580645161290323
2019,1,Nowon-Gu,8.0,12.0,9.838709677419354
2019,1,Pado-Ri,2.0,6.0,3.3793103448275863
2019,1,Paju,2.0,5.0,2.7096774193548385
2019,1,Sangjusi,3.0,6.0,4.580645161290323
2019,1,Seolseong-Myeon,1.0,3.0,2.230769230769231
2019,1,Seonggeoeup,5.0,10.0,6.612903225806452
2019,2,Bangsan-Myeon,2.0,5.0,3.3043478260869565
2019,2,Geumchon-Dong,4.0,7.0,5.714285714285714
2019,2,Gwanak-Gu,5.0,10.0,7.071428571428571
2019,2,Jeongnim-Dong,2.0,6.0,3.4642857142857144
2019,2,Jungang-Way,3.0,7.0,4.714285714285714
2019,2,Juwol-Dong,3.0,6.0,4.111111111111111
2019,2,Nowon-Gu,7.0,11.0,8.592592592592593
2019,2,Pado-Ri,1.0,7.0,3.3703703703703702
2019,2,Paju,1.0,4.0,2.6
2019,2,Sangjusi,2.0,8.0,4.222222222222222
2019,2,Seolseong-Myeon,1.0,4.0,2.0
2019,2,Seonggeoeup,4.0,10.0,5.821428571428571
2019,3,Bangsan-Myeon,1.0,5.0,3.0714285714285716
2019,3,Geumchon-Dong,3.0,7.0,4.566666666666666
2019,3,Gwanak-Gu,6.0,13.0,8.72
2019,3,Hwasun-Eup,2.0,6.0,3.5384615384615383
2019,3,Jeongnim-Dong,2.0,15.0,3.433333333333333
2019,3,Jungang-Way,2.0,6.0,3.5357142857142856
2019,3,Juwol-Dong,1.0,5.0,3.0
2019,3,Nowon-Gu,4.0,9.0,6.1
2019,3,Pado-Ri,1.0,11.0,2.6538461538461537
2019,3,Paju,1.0,5.0,2.44
2019,3,Sangjusi,2.0,7.0,4.448275862068965
2019,3,Seolseong-Myeon,1.0,4.0,2.206896551724138
2019,3,Seonggeoeup,4.0,11.0,6.166666666666667
2019,4,Bangsan-Myeon,1.0,6.0,2.6551724137931036
2019,4,Geumchon-Dong,2.0,6.0,3.607142857142857
2019,4,Gwanak-Gu,4.0,7.0,6.083333333333333
2019,4,Hwasun-Eup,2.0,7.0,3.259259259259259
2019,4,Jeongnim-Dong,1.0,4.0,2.1923076923076925
2019,4,Jungang-Way,2.0,5.0,2.875
2019,4,Juwol-Dong,2.0,6.0,3.076923076923077
2019,4,Nowon-Gu,4.0,7.0,4.892857142857143
2019,4,Pado-Ri,2.0,8.0,3.9
2019,4,Paju,2.0,4.0,2.782608695652174
2019,4,Sangjusi,2.0,6.0,3.896551724137931
2019,4,Seolseong-Myeon,1.0,4.0,2.7
2019,4,Seonggeoeup,3.0,8.0,5.2
2019,5,Bangsan-Myeon,2.0,4.0,3.1538461538461537
2019,5,Geumchon-Dong,2.0,7.0,4.482758620689655
2019,5,Gwanak-Gu,4.0,6.0,4.7407407407407405
2019,5,Hwasun-Eup,2.0,7.0,4.166666666666667
2019,5,Jeongnim-Dong,1.0,7.0,3.1666666666666665
2019,5,Jungang-Way,1.0,5.0,3.3333333333333335
2019,5,Juwol-Dong,2.0,8.0,3.8620689655172415
2019,5,Nowon-Gu,4.0,8.0,6.066666666666666
2019,5,Pado-Ri,1.0,8.0,3.935483870967742
2019,5,Paju,1.0,6.0,3.08
2019,5,Sangjusi,2.0,7.0,4.517241379310345
2019,5,Seolseong-Myeon,1.0,5.0,2.7333333333333334
2019,5,Seonggeoeup,2.0,8.0,5.161290322580645
2019,6,Bangsan-Myeon,1.0,3.0,2.0476190476190474
2019,6,Geumchon-Dong,2.0,4.0,2.72
2019,6,Gwanak-Gu,4.0,9.0,5.416666666666667
2019,6,Hwasun-Eup,2.0,5.0,3.95
2019,6,Jeongnim-Dong,1.0,4.0,1.8181818181818181
2019,6,Jungang-Way,1.0,4.0,2.2222222222222223
2019,6,Juwol-Dong,1.0,4.0,2.3333333333333335
2019,6,Nowon-Gu,4.0,6.0,4.5
2019,6,Pado-Ri,1.0,6.0,3.206896551724138
2019,6,Paju,1.0,2.0,1.0833333333333333
2019,6,Sangjusi,2.0,4.0,2.5652173913043477
2019,6,Seolseong-Myeon,1.0,3.0,1.6666666666666667
2019,6,Seonggeoeup,2.0,8.0,4.724137931034483
2019,7,Bangsan-Myeon,1.0,2.0,1.7
2019,7,Geumchon-Dong,2.0,4.0,2.68
2019,7,Gwanak-Gu,4.0,8.0,5.851851851851852
2019,7,Hwasun-Eup,2.0,5.0,2.9130434782608696
2019,7,Jeongnim-Dong,1.0,3.0,1.4230769230769231
2019,7,Jungang-Way,1.0,2.0,1.4516129032258065
2019,7,Juwol-Dong,2.0,6.0,2.875
2019,7,Nowon-Gu,4.0,6.0,4.434782608695652
2019,7,Pado-Ri,1.0,6.0,2.5416666666666665
2019,7,Paju,1.0,2.0,1.2142857142857142
2019,7,Sangjusi,2.0,4.0,2.8333333333333335
2019,7,Seolseong-Myeon,1.0,2.0,1.0333333333333334
2019,7,Seonggeoeup,2.0,9.0,3.7857142857142856
2019,8,Bangsan-Myeon,1.0,1.0,1.0
2019,8,Geumchon-Dong,2.0,4.0,2.782608695652174
2019,8,Gwanak-Gu,5.0,7.0,6.148148148148148
2019,8,Hwasun-Eup,2.0,6.0,3.8333333333333335
2019,8,Jeongnim-Dong,1.0,6.0,2.2333333333333334
2019,8,Jungang-Way,1.0,2.0,1.6296296296296295
2019,8,Juwol-Dong,2.0,7.0,4.076923076923077
2019,8,Nowon-Gu,4.0,6.0,4.833333333333333
2019,8,Pado-Ri,1.0,6.0,2.9310344827586206
2019,8,Paju,1.0,2.0,1.173913043478261
2019,8,Sangjusi,2.0,6.0,2.6538461538461537
2019,8,Seolseong-Myeon,1.0,4.0,1.3846153846153846
2019,8,Seonggeoeup,3.0,6.0,3.9
2019,9,Bangsan-Myeon,1.0,2.0,1.04
2019,9,Geumchon-Dong,2.0,5.0,2.7037037037037037
2019,9,Gwanak-Gu,5.0,5.0,5.0
2019,9,Hwasun-Eup,2.0,5.0,3.037037037037037
2019,9,Jeongnim-Dong,1.0,2.0,1.9130434782608696
2019,9,Jungang-Way,2.0,3.0,2.409090909090909
2019,9,Juwol-Dong,2.0,5.0,3.2142857142857144
2019,9,Nowon-Gu,4.0,7.0,4.8
2019,9,Pado-Ri,1.0,5.0,2.730769230769231
2019,9,Paju,1.0,2.0,1.56
2019,9,Sangjusi,2.0,4.0,3.4615384615384617
2019,9,Seolseong-Myeon,1.0,2.0,1.04
2019,9,Seonggeoeup,3.0,5.0,3.6785714285714284
2019,10,Bangsan-Myeon,1.0,3.0,1.826086956521739
2019,10,Geumchon-Dong,2.0,5.0,3.12
2019,10,Gwanak-Gu,3.0,5.0,4.035714285714286
2019,10,Hwasun-Eup,1.0,3.0,2.44
2019,10,Jeongnim-Dong,2.0,3.0,2.0714285714285716
2019,10,Jungang-Way,2.0,5.0,3.56
2019,10,Juwol-Dong,2.0,6.0,3.888888888888889
2019,10,Nowon-Gu,4.0,6.0,4.548387096774194
2019,10,Pado-Ri,1.0,4.0,2.2758620689655173
2019,10,Paju,1.0,3.0,1.5714285714285714
2019,10,Sangjusi,3.0,5.0,3.466666666666667
2019,10,Seolseong-Myeon,1.0,3.0,1.3703703703703705
2019,10,Seonggeoeup,3.0,6.0,4.451612903225806
2019,11,Bangsan-Myeon,1.0,4.0,1.5
2019,11,Geumchon-Dong,3.0,6.0,4.533333333333333
2019,11,Gwanak-Gu,3.0,8.0,4.933333333333334
2019,11,Hwasun-Eup,2.0,6.0,3.6666666666666665
2019,11,Jeongnim-Dong,1.0,5.0,2.925925925925926
2019,11,Jungang-Way,2.0,5.0,3.4814814814814814
2019,11,Juwol-Dong,3.0,7.0,5.037037037037037
2019,11,Nowon-Gu,4.0,7.0,5.6
2019,11,Pado-Ri,1.0,11.0,3.3448275862068964
2019,11,Paju,1.0,4.0,2.1153846153846154
2019,11,Sangjusi,2.0,6.0,4.533333333333333
2019,11,Seolseong-Myeon,1.0,3.0,1.9130434782608696
2019,11,Seonggeoeup,2.0,7.0,4.7272727272727275
2019,12,Bangsan-Myeon,1.0,4.0,2.4166666666666665
2019,12,Cheongnim-Dong,8.0,21.0,14.285714285714286
2019,12,Geumchon-Dong,4.0,6.0,4.793103448275862
2019,12,Gwanak-Gu,3.0,6.0,4.448275862068965
2019,12,Hwasun-Eup,3.0,7.0,4.6923076923076925
2019,12,Jeongnim-Dong,1.0,4.0,3.0
2019,12,Jungang-Way,2.0,5.0,3.7857142857142856
2019,12,Juwol-Dong,3.0,7.0,4.6923076923076925
2019,12,Nowon-Gu,5.0,8.0,6.206896551724138
2019,12,Pado-Ri,1.0,3.0,2.0869565217391304
2019,12,Paju,1.0,3.0,2.269230769230769
2019,12,Sangjusi,3.0,9.0,6.586206896551724
2019,12,Seolseong-Myeon,1.0,3.0,1.7692307692307692
2019,12,Seonggeoeup,2.0,7.0,3.642857142857143
2020,1,Bangsan-Myeon,1.0,3.0,1.64
2020,1,Cheongnim-Dong,1.0,24.0,11.741935483870968
2020,1,Geumchon-Dong,2.0,7.0,4.966666666666667
2020,1,Gwanak-Gu,3.0,7.0,4.645161290322581
2020,1,Hwasun-Eup,2.0,7.0,3.892857142857143
2020,1,Jeongnim-Dong,1.0,5.0,2.033333333333333
2020,1,Jungang-Way,1.0,5.0,3.1333333333333333
2020,1,Juwol-Dong,2.0,5.0,3.888888888888889
2020,1,Nowon-Gu,4.0,8.0,6.225806451612903
2020,1,Pado-Ri,1.0,7.0,2.0
2020,1,Paju,1.0,4.0,2.25
2020,1,Sangjusi,5.0,8.0,6.387096774193548
2020,1,Seolseong-Myeon,1.0,3.0,1.3571428571428572
2020,1,Seonggeoeup,1.0,6.0,3.774193548387097
2020,2,Bangsan-Myeon,1.0,1.0,1.0
2020,2,Cheongnim-Dong,5.0,17.0,9.586206896551724
2020,2,Geumchon-Dong,2.0,6.0,3.896551724137931
2020,2,Gwanak-Gu,2.0,6.0,4.0344827586206895
2020,2,Hwasun-Eup,1.0,4.0,1.8823529411764706
2020,2,Jeongnim-Dong,1.0,3.0,1.5
2020,2,Jungang-Way,1.0,4.0,2.9285714285714284
2020,2,Juwol-Dong,2.0,4.0,3.04
2020,2,Nowon-Gu,4.0,8.0,5.413793103448276
2020,2,Pado-Ri,1.0,3.0,1.36
2020,2,Paju,1.0,4.0,2.391304347826087
2020,2,Sangjusi,4.0,7.0,5.535714285714286
2020,2,Seolseong-Myeon,1.0,2.0,1.1111111111111112
2020,2,Seonggeoeup,2.0,6.0,3.392857142857143
2020,3,Bangsan-Myeon,1.0,2.0,1.0476190476190477
2020,3,Cheongnim-Dong,5.0,21.0,10.419354838709678
2020,3,Geumchon-Dong,3.0,5.0,3.586206896551724
2020,3,Gwanak-Gu,2.0,6.0,3.9655172413793105
2020,3,Hwasun-Eup,2.0,5.0,3.227272727272727
2020,3,Jeongnim-Dong,1.0,3.0,1.5862068965517242
2020,3,Jungang-Way,2.0,4.0,2.769230769230769
2020,3,Juwol-Dong,2.0,4.0,3.111111111111111
2020,3,Nowon-Gu,4.0,7.0,5.068965517241379
2020,3,Pado-Ri,1.0,4.0,1.5185185185185186
2020,3,Paju,2.0,4.0,2.642857142857143
2020,3,Sangjusi,3.0,6.0,4.483870967741935
2020,3,Seolseong-Myeon,1.0,3.0,1.3928571428571428
2020,3,Seonggeoeup,1.0,6.0,3.032258064516129
2020,4,Bangsan-Myeon,1.0,1.0,1.0
2020,4,Cheongnim-Dong,4.0,28.0,9.5
2020,4,Geumchon-Dong,2.0,4.0,3.0
2020,4,Gwanak-Gu,2.0,5.0,3.4
2020,4,Hwasun-Eup,4.0,6.0,4.185185185185185
2020,4,Jeongnim-Dong,1.0,3.0,1.52
2020,4,Jungang-Way,2.0,4.0,2.6785714285714284
2020,4,Juwol-Dong,2.0,5.0,3.2222222222222223
2020,4,Nowon-Gu,2.0,6.0,3.0714285714285716
2020,4,Pado-Ri,1.0,2.0,1.0476190476190477
2020,4,Paju,2.0,4.0,2.391304347826087
2020,4,Sangjusi,3.0,6.0,4.066666666666666
2020,4,Seolseong-Myeon,1.0,4.0,1.44
2020,4,Seonggeoeup,2.0,6.0,4.3
2020,5,Bangsan-Myeon,,,
2020,5,Cheongnim-Dong,3.0,12.0,6.548387096774194
2020,5,Geumchon-Dong,1.0,3.0,2.217391304347826
2020,5,Gwanak-Gu,2.0,5.0,3.1379310344827585
2020,5,Hwasun-Eup,1.0,7.0,4.285714285714286
2020,5,Jeongnim-Dong,1.0,2.0,1.1724137931034482
2020,5,Jungang-Way,2.0,3.0,2.107142857142857
2020,5,Juwol-Dong,2.0,6.0,2.84
2020,5,Nowon-Gu,2.0,4.0,2.740740740740741
2020,5,Pado-Ri,1.0,2.0,1.2222222222222223
2020,5,Paju,2.0,3.0,2.1666666666666665
2020,5,Sangjusi,4.0,6.0,4.68
2020,5,Seolseong-Myeon,1.0,2.0,1.25
2020,5,Seonggeoeup,2.0,13.0,3.7
2020,6,Bangsan-Myeon,1.0,1.0,1.0
2020,6,Cheongnim-Dong,5.0,16.0,7.466666666666667
2020,6,Geumchon-Dong,2.0,4.0,2.4615384615384617
2020,6,Gwanak-Gu,2.0,6.0,3.466666666666667
2020,6,Hwasun-Eup,1.0,3.0,1.9259259259259258
2020,6,Hyeoksin-Dong,1.0,6.0,2.8333333333333335
2020,6,Jeongnim-Dong,1.0,3.0,1.2857142857142858
2020,6,Jungang-Way,2.0,4.0,2.230769230769231
2020,6,Juwol-Dong,2.0,5.0,2.52
2020,6,Nowon-Gu,2.0,5.0,2.7
2020,6,Onui-Dong,1.0,2.0,1.1111111111111112
2020,6,Pado-Ri,1.0,3.0,1.375
2020,6,Paju,2.0,4.0,2.3461538461538463
2020,6,Saesol-Dong,4.0,6.0,4.8
2020,6,Sangjusi,4.0,6.0,4.846153846153846
2020,6,Seolseong-Myeon,1.0,2.0,1.0384615384615385
2020,6,Seonggeoeup,2.0,6.0,3.8461538461538463
2020,6,Soi-Myeon,2.0,3.0,2.5555555555555554
2020,7,Bangsan-Myeon,1.0,1.0,1.0
2020,7,Cheongnim-Dong,3.0,16.0,6.709677419354839
2020,7,Geumchon-Dong,2.0,3.0,2.076923076923077
2020,7,Gwanak-Gu,2.0,4.0,2.8275862068965516
2020,7,Hwasun-Eup,1.0,4.0,2.2962962962962963
2020,7,Hyeoksin-Dong,1.0,4.0,2.6129032258064515
2020,7,Jeongnim-Dong,1.0,2.0,1.44
2020,7,Jungang-Way,2.0,3.0,2.0357142857142856
2020,7,Juwol-Dong,2.0,4.0,2.310344827586207
2020,7,Nowon-Gu,2.0,4.0,2.1666666666666665
2020,7,Onui-Dong,1.0,2.0,1.9285714285714286
2020,7,Pado-Ri,1.0,3.0,1.1481481481481481
2020,7,Paju,1.0,2.0,1.25
2020,7,Saesol-Dong,2.0,7.0,4.0
2020,7,Sangjusi,4.0,5.0,4.08
2020,7,Seolseong-Myeon,1.0,1.0,1.0
2020,7,Seonggeoeup,2.0,6.0,3.4285714285714284
2020,7,Soi-Myeon,1.0,3.0,2.0
2020,8,Bangsan-Myeon,1.0,1.0,1.0
2020,8,Cheongnim-Dong,4.0,16.0,6.967741935483871
2020,8,Geumchon-Dong,2.0,3.0,2.25
2020,8,Gwanak-Gu,2.0,5.0,2.966666666666667
2020,8,Hwasun-Eup,1.0,3.0,1.64
2020,8,Hyeoksin-Dong,3.0,5.0,3.4
2020,8,Jeongnim-Dong,1.0,3.0,1.962962962962963
2020,8,Jungang-Way,1.0,1.0,1.0
2020,8,Juwol-Dong,2.0,5.0,3.125
2020,8,Nowon-Gu,2.0,4.0,2.6666666666666665
2020,8,Onui-Dong,2.0,2.0,2.0
2020,8,Pado-Ri,1.0,1.0,1.0
2020,8,Paju,1.0,2.0,1.2692307692307692
2020,8,Saesol-Dong,5.0,10.0,7.566666666666666
2020,8,Sangjusi,3.0,5.0,4.178571428571429
2020,8,Seolseong-Myeon,1.0,1.0,1.0
2020,8,Seonggeoeup,2.0,5.0,2.8461538461538463
2020,8,Soi-Myeon,1.0,4.0,3.2413793103448274
2020,9,Bangsan-Myeon,1.0,1.0,1.0
2020,9,Cheongnim-Dong,4.0,17.0,8.533333333333333
2020,9,Geumchon-Dong,2.0,4.0,2.5555555555555554
2020,9,Gwanak-Gu,2.0,5.0,2.9310344827586206
2020,9,Hwasun-Eup,1.0,2.0,1.2916666666666667
2020,9,Hyeoksin-Dong,2.0,4.0,3.3214285714285716
2020,9,Jeongnim-Dong,1.0,2.0,1.037037037037037
2020,9,Juwol-Dong,3.0,5.0,3.96
2020,9,Nowon-Gu,2.0,4.0,2.6785714285714284
2020,9,Onui-Dong,2.0,2.0,2.0
2020,9,Pado-Ri,1.0,2.0,1.0833333333333333
2020,9,Paju,2.0,2.0,2.0
2020,9,Saesol-Dong,5.0,11.0,8.11111111111111
2020,9,Sangjusi,3.0,4.0,3.857142857142857
2020,9,Seolseong-Myeon,1.0,1.0,1.0
2020,9,Seonggeoeup,2.0,6.0,4.038461538461538
2020,9,Soi-Myeon,1.0,4.0,2.5185185185185186
2020,10,Bangsan-Myeon,1.0,2.0,1.2272727272727273
2020,10,Cheongnim-Dong,4.0,32.0,10.483870967741936
2020,10,Geumchon-Dong,2.0,5.0,3.3448275862068964
2020,10,Gwanak-Gu,2.0,6.0,3.8333333333333335
2020,10,Hwasun-Eup,1.0,2.0,1.1851851851851851
2020,10,Hyeoksin-Dong,1.0,5.0,3.2413793103448274
2020,10,Jeongnim-Dong,1.0,3.0,1.3076923076923077
2020,10,Jungang-Way,2.0,2.0,2.0
2020,10,Juwol-Dong,1.0,8.0,4.96
2020,10,Nowon-Gu,2.0,6.0,3.8333333333333335
2020,10,Onui-Dong,2.0,4.0,2.892857142857143
2020,10,Pado-Ri,1.0,6.0,3.1666666666666665
2020,10,Paju,2.0,5.0,3.2222222222222223
2020,10,Saesol-Dong,2.0,7.0,3.774193548387097
2020,10,Sangjusi,2.0,7.0,3.4827586206896552
2020,10,Seolseong-Myeon,1.0,5.0,1.1481481481481481
2020,10,Seonggeoeup,4.0,13.0,5.857142857142857
2020,10,Soi-Myeon,2.0,4.0,3.25
2020,11,Bangsan-Myeon,1.0,2.0,1.173913043478261
2020,11,Cheongnim-Dong,3.0,14.0,7.666666666666667
2020,11,Geumchon-Dong,2.0,5.0,3.8275862068965516
2020,11,Gwanak-Gu,2.0,7.0,4.2
2020,11,Hwasun-Eup,1.0,4.0,2.2962962962962963
2020,11,Hyeoksin-Dong,2.0,5.0,3.44
2020,11,Jeongnim-Dong,1.0,4.0,2.3461538461538463
2020,11,Jungang-Way,2.0,6.0,4.166666666666667
2020,11,Juwol-Dong,1.0,9.0,4.52
2020,11,Nowon-Gu,2.0,6.0,4.066666666666666
2020,11,Onui-Dong,1.0,4.0,2.25
2020,11,Pado-Ri,1.0,7.0,2.2962962962962963
2020,11,Paju,2.0,4.0,2.769230769230769
2020,11,Saesol-Dong,2.0,8.0,3.793103448275862
2020,11,Sangjusi,2.0,6.0,3.933333333333333
2020,11,Seolseong-Myeon,1.0,2.0,1.0714285714285714
2020,11,Seonggeoeup,4.0,7.0,5.333333333333333
2020,11,Soi-Myeon,2.0,4.0,2.8461538461538463
2020,12,Bangsan-Myeon,1.0,2.0,1.1851851851851851
2020,12,Cheongnim-Dong,6.0,17.0,10.451612903225806
2020,12,Geumchon-Dong,4.0,6.0,5.161290322580645
2020,12,Gwanak-Gu,3.0,6.0,4.433333333333334
2020,12,Hwasun-Eup,2.0,4.0,2.730769230769231
2020,12,Hyeoksin-Dong,3.0,5.0,3.4838709677419355
2020,12,Jeongnim-Dong,1.0,3.0,1.3
2020,12,Jungang-Way,3.0,7.0,5.2
2020,12,Juwol-Dong,2.0,4.0,2.576923076923077
2020,12,Nowon-Gu,2.0,6.0,4.806451612903226
2020,12,Onui-Dong,2.0,4.0,3.1
2020,12,Pado-Ri,1.0,2.0,1.2666666666666666
2020,12,Paju,2.0,4.0,3.0
2020,12,Saesol-Dong,4.0,6.0,4.655172413793103
2020,12,Sangjusi,1.0,6.0,3.6206896551724137
2020,12,Seolseong-Myeon,1.0,2.0,1.1071428571428572
2020,12,Seonggeoeup,4.0,7.0,5.161290322580645
2020,12,Soi-Myeon,1.0,5.0,2.6451612903225805
2021,1,Bangsan-Myeon,1.0,2.0,1.2307692307692308
2021,1,Cheongnim-Dong,4.0,25.0,9.483870967741936
2021,1,Geumchon-Dong,2.0,7.0,5.032258064516129
2021,1,Gwanak-Gu,3.0,5.0,4.258064516129032
2021,1,Hwasun-Eup,2.0,5.0,3.4482758620689653
2021,1,Hyeoksin-Dong,1.0,4.0,2.3
2021,1,Jeongnim-Dong,1.0,5.0,2.6551724137931036
2021,1,Jungang-Way,2.0,8.0,5.612903225806452
2021,1,Juwol-Dong,1.0,4.0,2.3076923076923075
2021,1,Nowon-Gu,2.0,7.0,4.516129032258065
2021,1,Onui-Dong,2.0,4.0,2.903225806451613
2021,1,Pado-Ri,1.0,3.0,1.3666666666666667
2021,1,Paju,1.0,3.0,1.6428571428571428
2021,1,Saesol-Dong,4.0,6.0,4.928571428571429
2021,1,Sangjusi,3.0,7.0,4.645161290322581
2021,1,Seolseong-Myeon,1.0,3.0,1.2333333333333334
2021,1,Seonggeoeup,3.0,6.0,4.67741935483871
2021,1,Soi-Myeon,1.0,5.0,2.5161290322580645
2021,2,Bangsan-Myeon,1.0,3.0,1.1785714285714286
2021,2,Cheongnim-Dong,4.0,34.0,9.0
2021,2,Geumchon-Dong,3.0,6.0,4.5
2021,2,Gwanak-Gu,3.0,7.0,4.222222222222222
2021,2,Hwasun-Eup,3.0,7.0,4.208333333333333
2021,2,Hyeoksin-Dong,1.0,4.0,2.28
2021,2,Jeongnim-Dong,2.0,6.0,3.185185185185185
2021,2,Jungang-Way,4.0,6.0,5.407407407407407
2021,2,Juwol-Dong,2.0,4.0,2.3181818181818183
2021,2,Nowon-Gu,3.0,7.0,4.518518518518518
2021,2,Onui-Dong,1.0,4.0,2.5925925925925926
2021,2,Pado-Ri,1.0,3.0,1.36
2021,2,Paju,1.0,4.0,1.3461538461538463
2021,2,Saesol-Dong,4.0,9.0,5.142857142857143
2021,2,Sangjusi,4.0,8.0,5.428571428571429
2021,2,Seolseong-Myeon,1.0,2.0,1.1851851851851851
2021,2,Seonggeoeup,4.0,7.0,4.925925925925926
2021,2,Soi-Myeon,1.0,3.0,2.3333333333333335
2021,3,Bangsan-Myeon,1.0,2.0,1.1153846153846154
2021,3,Cheongnim-Dong,4.0,20.0,7.774193548387097
2021,3,Geumchon-Dong,2.0,5.0,3.533333333333333
2021,3,Gwanak-Gu,2.0,7.0,4.064516129032258
2021,3,Hwasun-Eup,1.0,6.0,3.074074074074074
2021,3,Hyeoksin-Dong,1.0,4.0,1.935483870967742
2021,3,Jeongnim-Dong,2.0,6.0,3.8846153846153846
2021,3,Jungang-Way,1.0,6.0,3.892857142857143
2021,3,Juwol-Dong,2.0,4.0,2.375
2021,3,Nowon-Gu,2.0,6.0,3.6206896551724137
2021,3,Onui-Dong,1.0,3.0,1.3333333333333333
2021,3,Pado-Ri,1.0,1.0,1.0
2021,3,Paju,1.0,2.0,1.1666666666666667
2021,3,Saesol-Dong,4.0,9.0,5.586206896551724
2021,3,Sangjusi,3.0,5.0,3.9655172413793105
2021,3,Seolseong-Myeon,1.0,2.0,1.08
2021,3,Seonggeoeup,4.0,7.0,4.838709677419355
2021,3,Soi-Myeon,1.0,7.0,3.16
2021,4,Bangsan-Myeon,1.0,2.0,1.0416666666666667
2021,4,Cheongnim-Dong,3.0,18.0,8.5
2021,4,Geumchon-Dong,2.0,6.0,3.1481481481481484
2021,4,Gwanak-Gu,2.0,7.0,3.6333333333333333
2021,4,Hwasun-Eup,2.0,10.0,3.793103448275862
2021,4,Hyeoksin-Dong,1.0,4.0,2.0689655172413794
2021,4,Jeongnim-Dong,2.0,6.0,2.8461538461538463
2021,4,Jungang-Way,1.0,3.0,1.2413793103448276
2021,4,Juwol-Dong,2.0,8.0,4.217391304347826
2021,4,Nowon-Gu,2.0,5.0,3.1379310344827585
2021,4,Onui-Dong,1.0,2.0,1.0769230769230769
2021,4,Pado-Ri,1.0,2.0,1.0952380952380953
2021,4,Paju,1.0,2.0,1.0454545454545454
2021,4,Saesol-Dong,3.0,6.0,4.392857142857143
2021,4,Sangjusi,2.0,5.0,3.260869565217391
2021,4,Seolseong-Myeon,1.0,3.0,1.2
2021,4,Seonggeoeup,4.0,9.0,5.620689655172414
2021,4,Soi-Myeon,1.0,7.0,2.6538461538461537
2021,5,Bangsan-Myeon,1.0,1.0,1.0
2021,5,Cheongnim-Dong,5.0,16.0,7.741935483870968
2021,5,Geumchon-Dong,2.0,4.0,2.5416666666666665
2021,5,Gwanak-Gu,2.0,5.0,3.4
2021,5,Hwasun-Eup,2.0,6.0,3.1481481481481484
2021,5,Hyeoksin-Dong,1.0,4.0,2.2962962962962963
2021,5,Jeongnim-Dong,2.0,5.0,3.259259259259259
2021,5,Jungang-Way,1.0,1.0,1.0
2021,5,Juwol-Dong,2.0,7.0,3.5217391304347827
2021,5,Nowon-Gu,2.0,4.0,2.6206896551724137
2021,5,Onui-Dong,1.0,2.0,1.1111111111111112
2021,5,Pado-Ri,1.0,2.0,1.04
2021,5,Paju,1.0,2.0,1.037037037037037
2021,5,Saesol-Dong,4.0,7.0,4.357142857142857
2021,5,Sangjusi,1.0,4.0,2.130434782608696
2021,5,Seolseong-Myeon,1.0,2.0,1.0833333333333333
2021,5,Seonggeoeup,4.0,8.0,5.310344827586207
2021,5,Soi-Myeon,1.0,3.0,1.64
2021,6,Bangsan-Myeon,1.0,1.0,1.0
2021,6,Cheongnim-Dong,5.0,16.0,8.833333333333334
2021,6,Geumchon-Dong,2.0,5.0,2.7777777777777777
2021,6,Gwanak-Gu,3.0,7.0,4.033333333333333
2021,6,Hwasun-Eup,1.0,6.0,2.3076923076923075
2021,6,Hyeoksin-Dong,1.0,4.0,2.206896551724138
2021,6,Jeongnim-Dong,2.0,4.0,2.4482758620689653
2021,6,Jungang-Way,1.0,2.0,1.0344827586206897
2021,6,Juwol-Dong,2.0,7.0,3.6923076923076925
2021,6,Nowon-Gu,2.0,4.0,2.7666666666666666
2021,6,Onui-Dong,2.0,3.0,2.0344827586206895
2021,6,Pado-Ri,1.0,1.0,1.0
2021,6,Paju,1.0,3.0,1.0666666666666667
2021,6,Saesol-Dong,4.0,7.0,5.428571428571429
2021,6,Sangjusi,1.0,4.0,2.3214285714285716
2021,6,Seolseong-Myeon,1.0,1.0,1.0
2021,6,Seonggeoeup,4.0,6.0,4.7
2021,6,Soi-Myeon,1.0,3.0,1.76
2021,7,Bangsan-Myeon,1.0,2.0,1.3703703703703705
2021,7,Cheongnim-Dong,4.0,30.0,9.161290322580646
2021,7,Geumchon-Dong,2.0,4.0,2.5714285714285716
2021,7,Gwanak-Gu,2.0,5.0,3.689655172413793
2021,7,Hwasun-Eup,2.0,6.0,3.586206896551724
2021,7,Hyeoksin-Dong,1.0,3.0,1.3225806451612903
2021,7,Jeongnim-Dong,2.0,4.0,3.2
2021,7,Jungang-Way,1.0,2.0,1.4230769230769231
2021,7,Juwol-Dong,3.0,5.0,4.038461538461538
2021,7,Nowon-Gu,1.0,3.0,2.423076923076923
2021,7,Onui-Dong,1.0,2.0,1.8888888888888888
2021,7,Pado-Ri,1.0,2.0,1.037037037037037
2021,7,Paju,1.0,2.0,1.0333333333333334
2021,7,Saesol-Dong,5.0,8.0,6.172413793103448
2021,7,Sangjusi,2.0,4.0,2.933333333333333
2021,7,Seolseong-Myeon,1.0,2.0,1.0357142857142858
2021,7,Seonggeoeup,4.0,6.0,4.428571428571429
2021,7,Soi-Myeon,1.0,2.0,1.8387096774193548
2021,8,Bangsan-Myeon,1.0,2.0,1.032258064516129
2021,8,Cheongnim-Dong,4.0,14.0,7.741935483870968
2021,8,Geumchon-Dong,2.0,3.0,2.064516129032258
2021,8,Gwanak-Gu,2.0,4.0,2.774193548387097
2021,8,Hwasun-Eup,2.0,7.0,3.92
2021,8,Hyeoksin-Dong,1.0,5.0,1.5333333333333334
2021,8,Jeongnim-Dong,2.0,3.0,2.066666666666667
2021,8,Jungang-Way,1.0,5.0,1.206896551724138
2021,8,Juwol-Dong,2.0,5.0,3.6153846153846154
2021,8,Nowon-Gu,1.0,2.0,1.25
2021,8,Onui-Dong,1.0,11.0,1.8666666666666667
2021,8,Pado-Ri,1.0,1.0,1.0
2021,8,Paju,1.0,1.0,1.0
2021,8,Saesol-Dong,2.0,8.0,5.857142857142857
2021,8,Sangjusi,2.0,4.0,3.5925925925925926
2021,8,Seolseong-Myeon,1.0,1.0,1.0
2021,8,Seonggeoeup,4.0,6.0,4.290322580645161
2021,8,Soi-Myeon,1.0,2.0,1.7777777777777777
2021,9,Bangsan-Myeon,1.0,1.0,1.0
2021,9,Cheongnim-Dong,3.0,27.0,10.333333333333334
2021,9,Geumchon-Dong,1.0,3.0,1.8076923076923077
2021,9,Gwanak-Gu,2.0,5.0,2.6
2021,9,Hwasun-Eup,2.0,4.0,3.08
2021,9,Hyeoksin-Dong,1.0,3.0,1.68
2021,9,Jeongnim-Dong,2.0,4.0,2.888888888888889
2021,9,Jungang-Way,1.0,6.0,1.793103448275862
2021,9,Juwol-Dong,4.0,6.0,4.3076923076923075
2021,9,Nowon-Gu,1.0,3.0,1.5555555555555556
2021,9,Onui-Dong,1.0,2.0,1.4166666666666667
2021,9,Pado-Ri,1.0,1.0,1.0
2021,9,Paju,1.0,1.0,1.0
2021,9,Saesol-Dong,2.0,5.0,3.3333333333333335
2021,9,Sangjusi,2.0,5.0,3.75
2021,9,Seolseong-Myeon,1.0,1.0,1.0
2021,9,Seonggeoeup,2.0,6.0,4.0344827586206895
2021,9,Soi-Myeon,1.0,1.0,1.0
2021,10,Bangsan-Myeon,1.0,1.0,1.0
2021,10,Cheongnim-Dong,3.0,23.0,8.903225806451612
2021,10,Geumchon-Dong,1.0,4.0,2.409090909090909
2021,10,Gwanak-Gu,2.0,5.0,3.2666666666666666
2021,10,Hwasun-Eup,2.0,5.0,3.619047619047619
2021,10,Hyeoksin-Dong,1.0,3.0,1.6551724137931034
2021,10,Jeongnim-Dong,2.0,5.0,3.1739130434782608
2021,10,Jungang-Way,1.0,2.0,1.04
2021,10,Juwol-Dong,4.0,5.0,4.2592592592592595
2021,10,Nowon-Gu,2.0,4.0,2.8
2021,10,Onui-Dong,2.0,2.0,2.0
2021,10,Pado-Ri,1.0,1.0,1.0
2021,10,Paju,1.0,2.0,1.1578947368421053
2021,10,Saesol-Dong,2.0,6.0,3.967741935483871
2021,10,Sangjusi,3.0,6.0,4.44
2021,10,Seolseong-Myeon,1.0,6.0,1.1612903225806452
2021,10,Seonggeoeup,2.0,5.0,3.2
2021,10,Soi-Myeon,1.0,2.0,1.0333333333333334
2021,11,Bangsan-Myeon,1.0,2.0,1.12
2021,11,Cheongnim-Dong,4.0,18.0,7.333333333333333
2021,11,Geumchon-Dong,2.0,4.0,3.0
2021,11,Gwanak-Gu,2.0,5.0,3.793103448275862
2021,11,Hwasun-Eup,1.0,4.0,2.3448275862068964
2021,11,Hyeoksin-Dong,1.0,3.0,1.8214285714285714
2021,11,Jeongnim-Dong,2.0,5.0,3.6666666666666665
2021,11,Jungang-Way,1.0,3.0,1.4615384615384615
2021,11,Juwol-Dong,2.0,5.0,3.814814814814815
2021,11,Nowon-Gu,2.0,5.0,3.7
2021,11,Onui-Dong,2.0,4.0,2.6666666666666665
2021,11,Pado-Ri,1.0,2.0,1.08
2021,11,Paju,1.0,2.0,1.1111111111111112
2021,11,Saesol-Dong,1.0,5.0,2.0
2021,11,Sangjusi,2.0,5.0,3.896551724137931
2021,11,Seolseong-Myeon,1.0,40.0,4.866666666666666
2021,11,Seonggeoeup,3.0,6.0,3.962962962962963
2021,11,Soi-Myeon,1.0,2.0,1.1785714285714286
2021,12,Bangsan-Myeon,1.0,4.0,1.7037037037037037
2021,12,Cheongnim-Dong,4.0,38.0,8.96774193548387
2021,12,Geumchon-Dong,1.0,4.0,2.466666666666667
2021,12,Gwanak-Gu,2.0,5.0,3.8333333333333335
2021,12,Hwasun-Eup,1.0,4.0,2.5714285714285716
2021,12,Hyeoksin-Dong,1.0,5.0,2.4516129032258065
2021,12,Jeongnim-Dong,4.0,5.0,4.074074074074074
2021,12,Jungang-Way,1.0,4.0,2.3448275862068964
2021,12,Juwol-Dong,2.0,4.0,3.52
2021,12,Nowon-Gu,2.0,7.0,4.129032258064516
2021,12,Onui-Dong,2.0,4.0,3.033333333333333
2021,12,Pado-Ri,1.0,5.0,1.5555555555555556
2021,12,Paju,1.0,3.0,1.2413793103448276
2021,12,Saesol-Dong,1.0,4.0,2.066666666666667
2021,12,Sangjusi,1.0,6.0,3.5161290322580645
2021,12,Seolseong-Myeon,1.0,19.0,4.068965517241379
2021,12,Seonggeoeup,3.0,6.0,4.357142857142857
2021,12,Soi-Myeon,1.0,2.0,1.3
2022,1,Bangsan-Myeon,1.0,3.0,1.2222222222222223
2022,1,Cheongnim-Dong,4.0,13.0,7.451612903225806
2022,1,Geumchon-Dong,2.0,4.0,3.032258064516129
2022,1,Gwanak-Gu,3.0,6.0,4.233333333333333
2022,1,Hwasun-Eup,2.0,7.0,3.7037037037037037
2022,1,Hyeoksin-Dong,1.0,4.0,2.225806451612903
2022,1,Jeongnim-Dong,2.0,7.0,4.206896551724138
2022,1,Jungang-Way,2.0,5.0,3.193548387096774
2022,1,Juwol-Dong,2.0,5.0,3.4814814814814814
2022,1,Nowon-Gu,2.0,7.0,4.419354838709677
2022,1,Onui-Dong,2.0,5.0,3.4193548387096775
2022,1,Pado-Ri,1.0,4.0,1.7857142857142858
2022,1,Paju,1.0,4.0,1.6129032258064515
2022,1,Saemangeum,,,
2022,1,Saesol-Dong,1.0,7.0,3.740740740740741
2022,1,Sangjusi,1.0,6.0,3.2580645161290325
2022,1,Seolseong-Myeon,1.0,3.0,1.6296296296296295
2022,1,Seonggeoeup,2.0,7.0,3.838709677419355
2022,1,Soi-Myeon,1.0,2.0,1.4516129032258065
2022,1,Taeha-Ri,1.0,1.0,1.0
2022,2,Bangsan-Myeon,1.0,2.0,1.1176470588235294
2022,2,Cheongnim-Dong,5.0,14.0,8.526315789473685
2022,2,Geumchon-Dong,2.0,4.0,3.125
2022,2,Gwanak-Gu,3.0,5.0,3.6842105263157894
2022,2,Hwasun-Eup,4.0,5.0,4.111111111111111
2022,2,Hyeoksin-Dong,1.0,4.0,2.0526315789473686
2022,2,Jeongnim-Dong,4.0,5.0,4.333333333333333
2022,2,Jungang-Way,1.0,4.0,2.7058823529411766
2022,2,Juwol-Dong,2.0,4.0,3.0
2022,2,Nowon-Gu,2.0,7.0,3.8947368421052633
2022,2,Onui-Dong,3.0,4.0,3.4705882352941178
2022,2,Pado-Ri,1.0,11.0,2.0
2022,2,Paju,1.0,3.0,1.3888888888888888
2022,2,Saemangeum,1.0,3.0,2.0
2022,2,Saesol-Dong,1.0,3.0,1.8333333333333333
2022,2,Sangjusi,1.0,6.0,3.4210526315789473
2022,2,Seolseong-Myeon,1.0,2.0,1.1764705882352942
2022,2,Seonggeoeup,2.0,5.0,3.2222222222222223
2022,2,Soi-Myeon,1.0,2.0,1.4444444444444444
2022,2,Taeha-Ri,1.0,2.0,1.2222222222222223
